transaction_id,timestamp,currency,sender,location,is_fraud,amount,recipient,fraud_pattern
04d7d06a-9cd6-49b2-8e15-a36602a0794b,1753219701925,USD,CUST_92dca3d5,BO,0,601.13,CUST_9a780e34,
6c290399-04cd-4a45-aea6-f5a9812baf39,1753219702884,USD,CUST_a76d1fa1,LA,0,330.06,CUST_abef7ee7,
3077753c-cb0e-4fde-9fa6-c9d7144162e5,1753219705315,RUB,CUST_173dbcd7,MV,0,215.76,CUST_8915a645,
90109bc9-d185-4148-bb2b-50137e7036ec,1753219706302,RUB,CUST_e31c1107,BJ,0,569.06,CUST_150250ac,
180b911c-0936-492c-8f4f-340160620b34,1753219709130,EUR,CUST_3641b7e6,TV,0,1711.05,CUST_9f495841,
7b706e72-1ebf-475f-9473-04dc1e495164,1753219711347,USD,CUST_04121256,JM,0,74.66,CUST_57b3bd9c,
3f7801a5-68a7-4165-be5b-a84847390c1f,1753219714298,EUR,CUST_2299ddfb,LI,1,15.02,SUSP_RECUR_b0c2e,recurring
5084299a-a8ca-4f47-bf6a-20701fd63327,1753219715591,EUR,CUST_3edfb58e,AL,0,274.57,CUST_d4033739,
0d5b0910-e8af-498e-ae78-5d87cb46ec4f,1753219716999,RUB,CUST_c761de19,PK,0,66.57,CUST_1fbb9c17,
cddad634-3df0-4f7c-9dd1-a3f56498b508,1753219722149,RUB,CUST_d5531f19,NZ,0,275.17,CUST_da74ac78,
a8cc1e2c-ab07-4ac4-bc6a-63d03a1c72f8,1753219724078,EUR,CUST_8cb91344,IQ,0,104.1,CUST_1ecceaee,
bef07ed7-9f52-451b-9c82-fb036b519792,1753219738119,USD,CUST_4a4a8266,MU,0,180.88,CUST_7d0c4682,
a024b9a0-94ac-491b-8be3-42db08ea20af,1753219742386,RUB,CUST_cfaa0ac3,VA,0,196.26,CUST_1b6cad9a,
aee84868-d06e-47ea-b8f9-c74b2c3f88a6,1753219744144,RUB,CUST_6bd30cb4,VU,1,981.28,SUSP_SPLIT_7a9f8,split
bd45889d-90ac-4d7e-83a5-73a041cec558,1753219745872,USD,CUST_fd741ca2,IE,0,63.35,CUST_2e1b1c0a,
ec13076e-37b4-4018-a40b-ac1255c35d5c,1753219747019,EUR,CUST_42b9881e,CI,0,35.76,CUST_a23718d3,
eb0361c0-d63b-48c9-ad76-85bb3de03c46,1753219749915,USD,CUST_664266c7,IR,0,2.76,CUST_2136bfaa,
60534126-35ca-4520-8693-23a36fe39522,1753219756508,USD,CUST_d5e8fe74,ME,0,202.5,CUST_4dbe2583,
4435306a-ea90-44cd-95a5-2e61ec734b62,1753219763656,RUB,CUST_17e7770f,KW,0,151.23,CUST_77f661ae,
a878597c-24b0-436a-aee1-b0154c573553,1753219765013,RUB,CUST_86618258,CL,0,36.9,CUST_71b183c0,
393b79f9-acc8-4cf7-930a-cd7c4cd9d317,1753219766057,USD,CUST_080f6db2,GD,1,332.17,SUSP_FOREIGN_b2d6e,foreign
0ee98813-1487-4291-912c-4ece76bafafe,1753219771946,RUB,CUST_617e8398,MY,0,598.94,CUST_a4cb621a,
710bcebc-8500-4bb0-8c5e-34f81c7c3df0,1753219773759,EUR,CUST_62683d92,SD,0,277.42,CUST_2bbb4cc2,
97e2c0c1-7093-4849-be03-5ef4d569db19,1753219774880,EUR,CUST_e7d4ba8b,GD,0,511.73,CUST_f84dc214,
095d5781-a101-4155-bd21-2bf0b56f98b2,1753219775740,RUB,CUST_aa302d9b,SN,0,465.18,CUST_657453cb,
15ff1dbd-dff6-407d-838d-2cbb88e3da1a,1753219776429,EUR,CUST_a45be590,SZ,0,82.56,CUST_4114adfb,
d6d23d15-4566-4881-9fb4-c1aaaac265f6,1753219780508,RUB,CUST_77449831,VC,0,135.27,CUST_e80128e7,
fa269754-8d14-4fd2-905b-d4b017a3665d,1753219781497,RUB,CUST_8b0c041f,ST,0,95.92,CUST_373c180d,
ef8c853f-0610-4c51-9441-b516995295a5,1753219782813,USD,CUST_e15fe962,IN,0,9.92,CUST_e1fbef03,
5184ae84-39bf-4e57-bbe9-ad7d5642cfe1,1753219785299,USD,CUST_8ccf5478,GT,0,94.44,CUST_af396db6,
9daf85ad-9293-45de-99a9-7cc6070bf305,1753219788486,USD,CUST_d80e698d,BG,0,135.37,CUST_c06e4c71,
01203556-e267-48b8-9034-dbae09aaab40,1753219792147,RUB,CUST_9919faff,MG,0,57.33,CUST_6a5987b6,
7cea006a-3aba-444b-880a-5fd426386883,1753219796150,RUB,CUST_d056f20f,MX,0,881.5,CUST_d9ff453f,
5f75b476-bfeb-4c39-8fc9-ae561d65a255,1753219797755,USD,CUST_50a541a8,CI,0,290.82,CUST_01fc5fd5,
fe959db7-88b0-4173-ba9b-a41f7ee37e9d,1753219800994,USD,CUST_b8736fc4,HU,0,158.52,CUST_36fbfc74,
8a154908-db14-4c44-844c-df8af7d75011,1753219802149,USD,CUST_e9400c7a,BE,0,301.72,CUST_387a92e1,
9cea05c4-ab46-4b38-939b-985b232a9b73,1753219805911,RUB,CUST_15029dec,SO,0,58.51,CUST_d9756b74,
3a2e5fcf-dd21-49ab-9e1f-876c6ce1e3ed,1753219807464,RUB,CUST_e758eab6,JP,0,50.93,CUST_87a7099d,
90faf975-506f-4965-ae3c-3d92bf4d3304,1753219811878,USD,CUST_63ada9b7,HN,0,1280.76,CUST_4929d829,
8087b73f-850e-4685-b856-b3afd8de1de1,1753219815601,RUB,CUST_2c2bb07c,DZ,0,19.2,CUST_33ba0b0f,
5ee91389-a60f-4de6-934a-417098560321,1753219824022,USD,CUST_69960177,ZM,0,289.64,CUST_a40a4718,
2a6e82d5-a828-40e3-b406-4388c7fada8b,1753219824596,USD,CUST_f6c03b74,HR,0,252.25,CUST_c5a89cdb,
e75d491f-a370-477e-badf-ec3271dfbe09,1753219827425,USD,CUST_2dc88657,BE,0,1447.04,CUST_d68a5fe6,
93f121b4-0d2b-4acc-81fa-2fd2bee21c97,1753219830198,EUR,CUST_15d6cb4b,TV,0,60.85,CUST_30967596,
160e959e-7c2d-4f56-9be5-125d3b24012e,1753219833172,USD,CUST_0f691723,GD,0,80.79,CUST_c0958d74,
c8bed57e-6310-4bed-a9ab-d264a39ae11c,1753219835634,EUR,CUST_d75a3e9b,MR,0,125.22,CUST_747bbd6b,
480d5701-ec90-44e4-892a-430b4cad258a,1753219839310,RUB,CUST_ab23c13a,PL,0,166.91,CUST_7731fa85,
7fbaf84d-d4ae-4252-8ff3-2145bc6ff69b,1753219844413,RUB,CUST_c8351f4c,GE,0,804.48,CUST_16724e0d,
07cb63dd-4d13-462e-a770-67e87be66d76,1753219847680,EUR,CUST_bd72af62,NA,0,148.67,CUST_ddaa51d0,
56da2565-7770-4980-81b9-c0082aa3cacb,1753219858227,RUB,CUST_90efcbd5,SN,0,152.74,CUST_ac0375db,
e5b714c7-5c41-4dac-985f-67f12c36b8eb,1753219859429,EUR,CUST_11a5ab6e,OM,0,3148.05,CUST_3f762060,
37f52ff8-5aa9-4f23-bca3-853dc9258caa,1753219861209,EUR,CUST_7e9ff641,NE,0,57.68,CUST_7cf27a7b,
e949a5b7-b527-43c1-81e4-350778e8c951,1753219868544,EUR,CUST_e2f39887,ZW,0,1508.42,CUST_9577da5e,
e9ee4f70-5f0b-46de-a340-73627f8a53fa,1753219871557,RUB,CUST_cd832be5,UA,0,61.24,CUST_666068c3,
11763aa5-05c1-45f5-8092-d39360f7d18d,1753219877244,RUB,CUST_75f0fc28,DJ,0,756.35,CUST_b5981808,
dd1fd9dc-83ef-452f-9e40-597013268fd8,1753219878448,USD,CUST_ede1a3d3,US,0,828.69,CUST_35125fac,
31e26fbf-0311-44f5-85b3-f36287efc0de,1753219881792,EUR,CUST_e59c47f0,ZM,0,246.02,CUST_85cc0110,
c5705405-f02b-4833-bab8-88de7932c587,1753219890250,USD,CUST_e8c8e4b4,YE,0,114.67,CUST_05c2c751,
a2fd4ff6-08a5-41c4-8e8e-f1134cb52d61,1753219891156,EUR,CUST_bd379e9d,BS,0,691.03,CUST_e0e131a9,
8e8b9404-78d9-40d1-a8d5-e486e1fa16e2,1753219899409,RUB,CUST_52c5b686,NE,0,884.7,CUST_8e559830,
d17b91b7-67a6-45ba-8bd1-9b242c42dadc,1753219902714,EUR,CUST_b86afa01,AR,0,191.86,CUST_95fa1e55,
ca8dc0f5-0015-4061-bbd6-0b5b47599353,1753219907659,RUB,CUST_3910f09a,EG,0,269.39,CUST_286f243a,
116072f9-bdad-487f-803f-5675ecbcc47b,1753219918177,EUR,CUST_72c81c8a,GN,0,102.28,CUST_e218d18b,
50cca780-2c98-465c-a935-28be11fafdba,1753219922570,RUB,CUST_fcb0d7db,PT,0,58.66,CUST_2789fbee,
86dc1ba4-5f03-46bb-a6f8-efe1ed219f8d,1753219930782,USD,CUST_b8af4bbc,CM,0,96.91,CUST_4d5fe7a8,
4a5534eb-0f25-40e5-92fc-d5d242577278,1753219934329,USD,CUST_7c2fa575,JP,0,10244.78,CUST_af6e6a46,
dbaa2251-deec-4b56-b497-661b576057c6,1753219938689,EUR,CUST_faa8f08f,MT,0,415.77,CUST_1bcc7909,
e85b15e7-5205-4bdd-b4ca-9b2ce5dee44b,1753219940675,RUB,CUST_2b8f3c5b,BT,0,177.27,CUST_03b23106,
26373d9b-e828-40f6-ba7f-0e28540a2ccf,1753219946285,USD,CUST_9be2a69e,GQ,0,2783.36,CUST_f80ed494,
a3b442cc-0c09-4148-ae8c-1324515da96f,1753219951267,RUB,CUST_81577a15,VE,0,54.45,CUST_15e0cfbf,
7fab1173-d785-4f76-8c39-a65fee2fdfd0,1753219956874,EUR,CUST_7bf7cd01,LC,0,41.03,CUST_d1ce6101,
c1f1c6ec-da3e-4979-a8c9-26e1934aaf81,1753219973351,USD,CUST_e0ab7818,MH,0,209.23,CUST_76fcabf5,
031d3e1c-4f1d-437c-98fc-728a31bd0492,1753219975286,RUB,CUST_0e8e18dd,MG,0,444.88,CUST_f775c6de,
c3199b4f-7af8-4751-ad95-8474415a7d5d,1753219979597,RUB,CUST_377b8b5c,AD,0,21.3,CUST_4094accd,
cb60a3b3-9344-431f-b421-27880a052336,1753219985697,USD,CUST_53953b68,MW,0,322.41,CUST_eb34ea3e,
67df06e1-d91d-4484-9749-84ec8e00edf2,1753219986547,RUB,CUST_e9555124,AO,0,153.04,CUST_5c110b5b,
ed7bfc07-ef35-40dc-9f50-51b86119506f,1753219987963,USD,CUST_838e6cb0,MZ,0,162.03,CUST_74a7a013,
569ee407-9317-4b33-9ddd-c18e3be4a1f1,1753219990743,USD,CUST_44e059a7,AG,0,106.55,CUST_0b106057,
65dd0668-9f99-4cc2-9a25-bf68a1fb98d0,1753219993695,USD,CUST_1f433965,IR,0,45.16,CUST_5a15c82d,
d1c6f071-4172-4419-9e1d-a522efbd485b,1753219995567,RUB,CUST_08e08f7c,LB,0,1758.44,CUST_11fae0a0,
e32f852e-1c6f-4a94-9f01-4ee4bce61a95,1753219996670,EUR,CUST_e81ca1eb,LV,0,43.51,CUST_cedfc223,
d1060c50-e9d6-415b-80d4-9853d43c10bc,1753219999372,EUR,CUST_e9a0bba9,TR,0,312.09,CUST_8b437fc4,
892d1314-f6e6-4419-9fa0-e6deb9aac5c9,1753220012747,USD,CUST_a9e5dcc3,GN,0,163.46,CUST_dd25cad8,
d13d83c0-19dc-4b0d-ab99-b51a53071d0b,1753220016558,RUB,CUST_af85e55c,TZ,0,298.94,CUST_b26e7915,
b1014f30-a618-4328-8650-05a53af9aa93,1753220017212,EUR,CUST_26e4c81a,SC,1,44.69,SUSP_RECUR_68ced,recurring
e660da32-49dd-4ffa-a2d4-e1690bda2aac,1753220018466,EUR,CUST_64415c81,LT,0,84.04,CUST_e1e53500,
2c8c62f1-e709-4e89-946e-788252d50926,1753220022217,EUR,CUST_f8e6c98c,LT,0,392.29,CUST_d4b50f39,
bee8bf33-cf47-4a65-940f-27983e4616a6,1753220023468,EUR,CUST_f934b585,SN,0,407.52,CUST_4effafe0,
a1d1659b-81cc-4dbc-8047-fc54cb1b4794,1753220033339,RUB,CUST_69d9c637,ET,0,47.32,CUST_7ceac762,
455236d1-2c84-4ba4-bfb4-e3e0210b8436,1753220039881,EUR,CUST_bef028b7,UG,0,13.03,CUST_cb3aad1f,
b4d7d617-7a42-4570-b95a-976a358e1d9c,1753220041396,RUB,CUST_83a30723,SY,0,903.72,CUST_bce74c33,
592b9aa5-8856-4247-9f14-ff05bc14ed82,1753220063385,RUB,CUST_f0326756,BJ,0,118.71,CUST_d9c9bf3d,
df0a997a-a515-48b7-be94-7e71c71d67e1,1753220064307,USD,CUST_be78c4ae,SM,0,180.44,CUST_ded976d9,
85f17829-6c6c-4277-b9e0-ea35f20ac408,1753220065376,EUR,CUST_954728b0,NG,0,260.43,CUST_bb04116c,
fe916e2f-6a15-4b39-8cb0-3c59e9e4e5a2,1753220066412,RUB,CUST_0dcda969,PG,0,128.59,CUST_a980ffce,
4e64213c-3aaf-4647-9742-434f19afc4fb,1753220072043,USD,CUST_8f395a1f,FI,0,93.58,CUST_e6b86595,
616905e5-e5e5-4982-b6e3-dd399301a4db,1753220074553,RUB,CUST_b06212dd,NG,0,4303.51,CUST_60f0055e,
9abe1d3b-60ab-490c-964e-726210f1a9ec,1753220078874,EUR,CUST_420dddef,BY,0,167.32,CUST_742d34ef,
adac4c14-ac50-431b-b0ab-b8680b27e2b7,1753220085505,EUR,CUST_1d688ba2,NO,0,19.21,CUST_155b7c8f,
77fff714-0757-4408-971d-5a838f1d5daa,1753220086092,USD,CUST_4eac6963,MX,0,178.44,CUST_48c9562a,
4d893d14-70e1-4425-9a8d-963e87778a78,1753220087398,USD,CUST_203a6e52,HR,1,456.68,SUSP_FOREIGN_6c9a4,foreign
b26c3f58-2023-4c55-81a8-97c15ab77227,1753220094540,RUB,CUST_886d165c,LA,0,11.45,CUST_daed6a05,
10cab828-c2de-4035-bcf7-25aa6ec11017,1753220095128,USD,CUST_b18a1b33,SL,0,88.46,CUST_664989bb,
78845b4d-9243-4a29-8027-1fce1149d199,1753220100258,USD,CUST_5091340a,LS,0,236.68,CUST_91b3c62b,
1db682ce-1b03-4a8c-8a7d-5eb90c1cc6db,1753220104006,RUB,CUST_cdd51627,AT,0,100.9,CUST_406a5d35,
f792e3e3-85fd-4cf9-a8d0-06bd6f911825,1753220106350,RUB,CUST_eb8cd949,BZ,0,400.62,CUST_ad75ce90,
6877c7ed-e46c-49ce-815a-45b8516292a3,1753220107277,RUB,CUST_8a9ee6c0,AU,0,84.15,CUST_7bdbc49b,
201cee77-b6f5-4c21-aecd-ed503ad80693,1753220109229,EUR,CUST_4348ae17,FM,0,29.14,CUST_2473f7c3,
883ca78d-0704-44fc-8756-401b72040121,1753220114993,USD,CUST_cd50abcb,CG,0,1161.89,CUST_df588155,
8b69d91b-0d67-439d-bcb1-b109f9938361,1753220118676,RUB,CUST_80e8feb2,GW,0,935.47,CUST_40d7da22,
45ae8ea6-6d77-49c6-8595-e9f26af53145,1753220123318,USD,CUST_bda195c5,SK,0,157.41,CUST_6496c69e,
c5b7b772-aae4-4b78-b287-30c07dd3cad5,1753220124608,RUB,CUST_9a9921c7,MU,0,80.53,CUST_d02419d0,
cc39d252-9fec-4c1e-88cc-baa2280d68d3,1753220133642,EUR,CUST_654db062,LU,0,33.0,CUST_cfba7d2b,
da7b8d0e-2358-4ed1-a7e9-9a030577fb70,1753220135188,RUB,CUST_f0704ad2,MR,0,92.45,CUST_d71e0e14,
057c94f1-e5fa-4234-b201-ac5dac0175d9,1753220139224,RUB,CUST_873d3923,JO,0,143.74,CUST_484cdcb9,
af22fe43-edd7-4547-974a-087cdfcfeaaf,1753220146456,EUR,CUST_7cbb98be,RO,0,54.86,CUST_9f463517,
58028214-54b6-4000-b966-db605fab847c,1753220157377,USD,CUST_b9cb9ca7,TH,0,74.89,CUST_61833e78,
0d61c80c-5ea2-4486-b406-210d662fcd62,1753220159055,USD,CUST_225311d5,BR,0,623.83,CUST_060f75d1,
38a87c2d-d267-4463-8336-8951e1c23067,1753220160670,EUR,CUST_7631a353,MN,0,1433.87,CUST_1487d98d,
900b82af-6856-4a0d-81cd-9408939c4568,1753220165911,USD,CUST_28a15344,AO,0,15.83,CUST_d4af6078,
7588edf0-8b58-4ff8-9a43-13f1a0773657,1753220167605,RUB,CUST_216c3166,CF,0,2920.04,CUST_dc06efb9,
a9708eaf-d9cd-4c6a-83cc-b3d421b57570,1753220170258,USD,CUST_f3c50994,JM,0,229.69,CUST_69f2fa97,
bc56cff8-25fa-452d-9d36-6c5472d11cb3,1753220180251,EUR,CUST_ec2bb473,KW,0,2919.45,CUST_ae1fd6fb,
d34e5a41-4b6c-45c9-812b-411f865f1d72,1753220188023,RUB,CUST_88bc94a8,BB,0,21.84,CUST_ba50686e,
9b638b5b-8299-4e09-8efa-73cb6c32e3a6,1753220189848,EUR,CUST_b4144ce1,IR,0,34.27,CUST_1e119eed,
f24ccde4-260d-47e0-aed7-f2bcc19d2756,1753220190486,EUR,CUST_1f489db6,UG,0,297.86,CUST_2ea196f4,
ba28dc06-09da-444c-aef1-7f07c17e7318,1753220193253,EUR,CUST_4c86add6,SN,0,542.5,CUST_bb436546,
9b44d560-e3e7-4427-8cdf-861a5b8cb625,1753220194194,EUR,CUST_06ad5094,MY,0,326.41,CUST_6f7bd296,
39e82c35-ef84-4cce-a25d-3dca838e633b,1753220197159,EUR,CUST_e8fef01b,OM,0,1921.69,CUST_d34516c8,
4f3647a0-6463-49e2-ad94-d59a22249e2d,1753220201073,USD,CUST_1110e276,RS,0,39.7,CUST_45dfef3d,
1bed8777-3953-4847-9bdc-c67d771fe4a2,1753220201875,EUR,CUST_ac9f38e7,SR,1,0.89,SUSP_MICRO_cddc5,micro
bb6865b2-e7e1-412b-9a05-f26c136e2dba,1753220203748,USD,CUST_11382610,NI,0,474.21,CUST_6ebdbbad,
eb181545-e055-4f96-8f29-0671729e7496,1753220204586,USD,CUST_0fbd6b68,FI,0,70.88,CUST_03400e06,
351cf120-ca7e-480e-9fa0-10531ef12e44,1753220206563,RUB,CUST_df59367c,EG,0,21.99,CUST_ef7997b2,
9caeb0f4-7db2-4995-91d0-75d072763efc,1753220208170,USD,CUST_20bff286,CL,0,328.15,CUST_c7dd5115,
92db65fd-0a27-424b-8d96-761df8a16919,1753220210060,EUR,CUST_5a993a43,NL,0,61.07,CUST_43906669,
3a3d234f-bf78-4dbc-bab6-28e4bae32278,1753220215624,EUR,CUST_eca8de07,JO,0,38.84,CUST_544360da,
a3a4ceb5-f5d0-4818-b313-b81f7375184c,1753220218282,RUB,CUST_845cd955,NO,0,648.07,CUST_c4a3494e,
218b00a9-8fe5-4f5a-9c85-f26e9cca0706,1753220221020,RUB,CUST_1240b20e,AF,0,1793.45,CUST_66967987,
e14a8619-a5e1-454c-b222-94d97c5ae2ff,1753220228774,EUR,CUST_070a4d30,IN,0,171.08,CUST_adae81a0,
b727cb37-8934-4b5f-8405-9e47d5eceea7,1753220233951,USD,CUST_fe6d1904,KI,0,7.72,CUST_961c51e9,
6c91b322-b845-4552-8eb0-6022c65f2afa,1753220237379,USD,CUST_068fbd33,UY,0,12.34,CUST_f676d759,
a2a8c502-8566-4d43-bb91-8815c085ff91,1753220239205,USD,CUST_0690c9ab,VA,0,496.17,CUST_c56dce4f,
852d5939-c5be-4304-b2a8-f5bfab9f1a69,1753220241470,USD,CUST_e1e4d636,CA,0,145.63,CUST_daf5acbf,
bd951857-9efb-4e23-877a-c3331ae27a3e,1753220243480,RUB,CUST_5591bf47,FR,0,10223.39,CUST_18c34787,
f894bf42-e715-4101-b787-fc71e230fcf7,1753220244076,EUR,CUST_fa70c410,CA,0,193.79,CUST_3997f482,
33288ec0-0b93-4dd0-9415-ee17885a783b,1753220246043,EUR,CUST_fe04cd37,GQ,0,585.35,CUST_34bd56ce,
aa56c8cb-8a72-461e-a7cf-b5f30b7a50f8,1753220249396,EUR,CUST_8fd1d683,LC,0,22.69,CUST_6e04d081,
ace2799d-0202-490a-afe3-0d2da9bd24e8,1753220254371,USD,CUST_1ca3b5fe,CO,0,152.22,CUST_d8276eed,
730d8507-693f-4621-9887-196f9d64886f,1753220258284,RUB,CUST_c9de0321,MY,0,66.91,CUST_d606a42a,
fcc0eac7-68ab-45e9-83f7-75bb16249abf,1753220263214,USD,CUST_ee6051d3,US,0,47.49,CUST_9628a75f,
10b5f03d-2d60-4123-af39-99d97cf2cff4,1753220264645,USD,CUST_6e64af42,CY,0,215.79,CUST_08b40bcb,
16bf5382-46cf-495f-a7b1-2b13c445b0f4,1753220273700,EUR,CUST_eb9cb112,BT,0,214.4,CUST_819f0853,
ae9159cb-2e4b-4008-be2b-b12adbbecc7c,1753220280476,EUR,CUST_b34e5b45,BG,0,299.49,CUST_e80310fd,
386c27fd-8b83-44c2-8147-df790ea1cb0e,1753220282314,USD,CUST_18d5350c,JM,0,493.81,CUST_520fd669,
f2d70244-c38d-4c0d-b41f-8f48b12cbc50,1753220283113,USD,CUST_b5d6ea0b,WS,0,721.06,CUST_55eb77bd,
050e7604-15f4-4809-8b3b-dde87aaab9d3,1753220295745,USD,CUST_bb565146,JO,0,1097.78,CUST_812fe050,
dc1a467e-6b78-425f-b1fa-0d67984a2f42,1753220297135,EUR,CUST_038ce895,MA,0,46.12,CUST_edc16f7e,
93b34c2f-c837-40e1-9fa9-3a6e5591e316,1753220299890,USD,CUST_57ad587a,GH,0,118.13,CUST_a2f695eb,
97a66568-2936-4cfb-a495-77ab86d913e0,1753220300711,EUR,CUST_6778a075,HU,0,148.93,CUST_40aa5728,
8cd6403d-6e13-4056-8bbb-4636308ace46,1753220304135,EUR,CUST_b749da7a,GN,0,311.9,CUST_33f28bd8,
78f6e40b-173d-442e-83d3-1b7947d7f360,1753220306003,RUB,CUST_f796a259,SY,0,345.74,CUST_9c04ccba,
d9d19e00-bdc0-46a5-8c53-4898fdcd5717,1753220316907,USD,CUST_23b4d088,LY,0,41.07,CUST_3467a1e2,
2ba3f72f-b8ce-48c9-83c5-e355072b3fa5,1753220325795,EUR,CUST_84214291,PH,0,50.11,CUST_0797015a,
45ddfe82-1b90-4308-8745-6a47b8b254d3,1753220326790,USD,CUST_c2c64aa1,NZ,0,155.26,CUST_f30dd6cf,
fd5e4d0a-d97b-4a2c-a7f4-72806d7a4d7f,1753220329814,RUB,CUST_bd46a474,DK,0,50.87,CUST_16d1da5f,
497456c6-440a-4d01-8395-6ed7d3c67507,1753220333690,RUB,CUST_f5b8f170,GW,0,11.2,CUST_4d11b028,
a3313404-d981-46f6-9493-107c17afca80,1753220334455,EUR,CUST_f0150893,BE,0,101.38,CUST_5608bda7,
05533c8e-d0af-4d6b-8005-614cce989f26,1753220338368,USD,CUST_a46ee0a6,GQ,0,64.69,CUST_866218d7,
5d1e2fe7-7103-4858-a857-66ea0357345f,1753220346197,USD,CUST_67fc9513,FI,0,60.57,CUST_4d1166df,
b76dd238-d8b2-4c38-b7e8-a43b937a59cd,1753220347684,EUR,CUST_b1d3e2a1,KM,0,8.98,CUST_1a7a5480,
5ffec981-9f8a-452d-a9b1-5a4b24acb50f,1753220349806,USD,CUST_db0bd70b,GD,0,361.81,CUST_69b75888,
38f00530-d917-44fd-8fb3-5d8b4bd2e33f,1753220351941,RUB,CUST_6633f4a7,LK,0,768.1,CUST_d9ff79cb,
9288e372-137a-46d8-a360-9fac2b5b489f,1753220353250,USD,CUST_4a1fb2bd,RU,0,11.21,CUST_5137a4b7,
1f5c3ebf-b952-4d43-b02b-1c326f2881a0,1753220354204,RUB,CUST_8567bbf0,GH,0,1835.0,CUST_899d36d0,
73c0e59a-ebf6-42f3-be91-83b9f3350769,1753220355247,EUR,CUST_764f859b,SY,0,457.55,CUST_febf71b1,
a1481da3-2481-470f-bac9-7c93f6037222,1753220358259,USD,CUST_347fd0c3,TW,0,126.23,CUST_c16ddc67,
1ec8d8e8-cb68-49cf-8770-577e093ebf49,1753220359927,USD,CUST_e5847816,LI,0,582.85,CUST_ccde53ed,
eb177534-97da-46b9-b44a-3b271778fc63,1753220366238,RUB,CUST_250a5d19,AF,0,44.53,CUST_f5de88da,
dd3de05b-c1e5-4c78-85ee-6601a2677acd,1753220372165,EUR,CUST_adf7a7fe,MW,0,327.75,CUST_1209e059,
26975c28-5b13-4d19-864a-6d9299a124f4,1753220374593,USD,CUST_bf43c236,AU,0,254.49,CUST_cf2480f9,
1937f255-0c5f-45f0-b895-53ecc96d550c,1753220376571,EUR,CUST_e182cae0,AL,0,615.4,CUST_abd3570b,
5739d366-4a6a-4b73-883c-a1ee81d67240,1753220381614,EUR,CUST_489f11e7,ZM,0,92.21,CUST_d5df9462,
2864f034-fa8a-42f1-8128-c268e1677e12,1753220382266,EUR,CUST_8f2c53f3,GM,0,1477.57,CUST_3a476838,
c443e632-594f-49d0-8ade-3c2293c206eb,1753220383460,USD,CUST_642c6ec2,IT,0,22.45,CUST_86e39fc2,
185a7f6e-2045-40df-b0a9-eec2134b49f9,1753220392814,EUR,CUST_65691773,KN,0,391.4,CUST_26fc14bd,
e20e5cf4-5c6c-4af8-9369-b60aaee873d4,1753220396865,USD,CUST_07ac0687,KR,0,40.71,CUST_a49d1072,
53ddcd50-f05a-411f-b8eb-c9d3174e235b,1753220399001,RUB,CUST_27a5087f,CH,0,309.22,CUST_81efb29f,
6ce51cdb-dc00-46bf-a79b-2b7f931dcb26,1753220403405,RUB,CUST_bf8dbc7e,MR,0,1155.14,CUST_0f13c7e4,
3f9769b3-8127-47dc-8e1f-b8fec8330b99,1753220408720,RUB,CUST_55a336cf,NL,0,30.37,CUST_36ffbb50,
72300122-a533-4807-8f30-a64ceb7d8971,1753220421958,EUR,CUST_c6c952ae,VC,0,277.17,CUST_cd645962,
4da1cb5f-9acb-4b7e-8ecf-eda51bdbb42c,1753220429751,RUB,CUST_caa2c183,CL,0,15.84,CUST_070960f1,
2f4ab9ef-9003-4fc2-b0e6-ea5b7b1a2dbd,1753220434367,EUR,CUST_1678f7de,VN,0,101.68,CUST_e8754a68,
a289433d-db0c-4ba5-81e3-058b376cb371,1753220435403,EUR,CUST_36572f42,MW,0,68.38,CUST_57261f71,
348365af-2cc9-4b4f-85c1-d97b0ffb6db8,1753220436148,EUR,CUST_0de32726,BY,1,15.67,SUSP_RECUR_8b5f3,recurring
5f9d581c-9d0c-465e-9d5b-150197193b0a,1753220438066,USD,CUST_3d536fb7,GD,0,94.01,CUST_d6417620,
b5366614-2d9b-4543-b9af-c0dc40f53535,1753220444431,EUR,CUST_332438b6,CR,0,70.6,CUST_83aeb2cd,
0cf9114d-9a3b-4e63-89ea-447181b0a339,1753220445516,USD,CUST_924aa8f2,SG,0,859.28,CUST_3f01ab37,
473c5df0-737b-4c8e-9751-5744c6436246,1753220452369,EUR,CUST_00056972,SM,0,339.6,CUST_652b5f56,
3319e8e2-e2f5-4793-9c23-5e16990e96d0,1753220454368,RUB,CUST_78216fe9,KE,0,68.85,CUST_256b5b6e,
cc9c800f-d59b-4da0-b9da-48b4444da7b5,1753220456041,RUB,CUST_6e9165eb,CF,0,91.89,CUST_4c1559ae,
d0b39bc6-2254-4647-936e-5be4dd4253aa,1753220465899,USD,CUST_c92f4fa3,ET,0,42.72,CUST_445af8f2,
339babb7-a483-44c9-8d10-0ce4556b9185,1753220467411,RUB,CUST_1ab17c47,BB,0,40.9,CUST_eb1d8469,
5c661252-5224-4f89-8be1-7f4959c35d4e,1753220469898,EUR,CUST_dca5b169,GA,0,772.45,CUST_75b0b32c,
887efd8b-e30f-4d3b-967e-5547ae0e797d,1753220471604,RUB,CUST_954292fb,PK,0,254.88,CUST_8a9bc8d3,
c67dc7c3-fdb8-46ee-9f8b-477a31a79888,1753220475139,RUB,CUST_af7c912d,ZA,0,237.12,CUST_6b6ab932,
71fc92e7-3345-454c-8912-3e8b1265e24e,1753220477570,RUB,CUST_90db371f,DO,0,90.53,CUST_e6a89fde,
36137da3-9789-433e-a4c0-8ae1c563de23,1753220480757,EUR,CUST_0ebb374e,GN,0,1848.95,CUST_c85f9141,
a45f38eb-b8d4-49c7-a435-7a8705e95930,1753220481391,RUB,CUST_ba2d155e,MC,0,30.67,CUST_53bb3ac9,
170ef0bf-688a-40ef-88fd-fe7e71197b16,1753220490362,USD,CUST_833f73d2,MN,0,66.62,CUST_c1ef6044,
0dc8a291-ff38-456f-8e66-3dbddb802877,1753220491379,USD,CUST_7720ddb4,DJ,0,69.03,CUST_bd197565,
ef10408e-9545-48cd-99c6-abb4e3df03f7,1753220497002,RUB,CUST_fc2549e7,NE,0,30.0,CUST_c5522da8,
a79ea94e-6e1d-440f-bf53-5f7f086289b3,1753220502065,RUB,CUST_91a34a18,MZ,0,95.12,CUST_17c80786,
28328f62-a291-4808-bef6-a5634a1e4d02,1753220508451,RUB,CUST_fd678095,MX,0,190.16,CUST_82e3736d,
b0b049e4-44ec-4001-822b-3fc3588a2344,1753220509896,EUR,CUST_ff9afe77,JO,0,264.32,CUST_6f7e762a,
c43e11a1-243f-41f5-ad0c-bc7cc0fda537,1753220514119,EUR,CUST_3478b033,KN,0,73.83,CUST_62371714,
e1f32011-e222-4b15-a47b-95b6b2b504d9,1753220515566,EUR,CUST_aca1b5a2,KG,0,8.9,CUST_2af0ffc0,
413f552c-36ed-4113-b63d-da1d06f364f2,1753220517888,EUR,CUST_1217c4c4,AZ,0,73.39,CUST_da48fd94,
429b0cd1-64ff-4fde-b1a3-33d9f5d4e6af,1753220531302,RUB,CUST_99434140,QA,0,157.87,CUST_8ec376cf,
cdc7f024-e3c6-4c3b-b4cb-1c1eb4ab07b6,1753220536142,USD,CUST_43f8ccd7,MV,0,930.99,CUST_b1c1cca8,
fe3e6ec7-8a10-4293-ad31-1ee2989d5a6a,1753220541072,USD,CUST_1e45d2c5,EG,0,107.12,CUST_a285612b,
2e9d1cd4-be6b-4735-84a8-36a81fd9e2a8,1753220542464,EUR,CUST_40e3b857,ZM,0,78.51,CUST_82734b58,
3daf5db3-7cbd-45e6-b25a-21a50585725b,1753220543992,RUB,CUST_3bd324fb,IR,0,26.35,CUST_c4d070a7,
cace7abb-7a1e-440b-8211-7a1411d8af47,1753220544760,EUR,CUST_8c9e6288,NI,0,229.75,CUST_31679fae,
e0677878-ebab-4ba8-aca2-c3b2b397dc8a,1753220548125,USD,CUST_0bdb8da5,BE,0,2348.95,CUST_ccf46008,
8ec727e9-ba76-45a0-97cc-0b43097e2e19,1753220563814,EUR,CUST_602096a9,SZ,0,749.94,CUST_4019a9fa,
e3e902b8-8f1a-475c-9894-b61d8c717339,1753220568098,USD,CUST_2094772c,UY,0,2284.54,CUST_74078d48,
f38fbf31-f643-4b5d-991f-4ad77cc8dc36,1753220568704,USD,CUST_97f6c938,CN,0,633.63,CUST_e9f2e40b,
ce6d90f3-e9f8-4e40-84bc-e8ff36805d24,1753220569265,RUB,CUST_91163e99,CZ,0,64.53,CUST_48fcee3a,
9394b18d-c1d1-452d-831f-e2b88491a522,1753220576791,USD,CUST_c7cdb02f,IQ,0,94.99,CUST_26675473,
c7cc6dac-a467-4f01-b2b5-e808ffe8d298,1753220578484,USD,CUST_ff9e975e,UG,0,21.25,CUST_360cdbef,
3bb1413f-7477-40b6-b8f9-b67dbf1dee31,1753220581792,RUB,CUST_c395d7f7,PS,0,29.21,CUST_3fc413f2,
df979f79-2bb1-455f-9ebe-2cea08c9ac26,1753220598412,RUB,CUST_555c8b18,MV,0,22.26,CUST_8c2d4beb,
2038f58d-8135-4a74-a19f-28c2591a1684,1753220599899,USD,CUST_c6fbe7ad,SV,0,50.62,CUST_8c2384e0,
faa8e2b1-fcdb-4d91-9fdd-00192b5dac3c,1753220600950,EUR,CUST_e43189b9,AG,0,1.86,CUST_848c7a6c,
4b09719d-b1cb-49c3-987b-f373ea04261b,1753220602327,EUR,CUST_2f9bb468,CL,0,180.62,CUST_883487dc,
96bd616a-cda9-4099-bcd4-44e5b19b50bb,1753220603140,RUB,CUST_89640a93,LU,0,166.71,CUST_11addc47,
1961b5b4-6947-45d4-9f61-4e25dfb08756,1753220611684,USD,CUST_517b14c5,FI,0,135.19,CUST_3704be4f,
f1ca07a8-54ff-47b8-8bb1-843a77f72c32,1753220619147,EUR,CUST_aa4fe645,LT,0,33.45,CUST_f319310e,
9ab36e26-242b-4e10-9a72-7a21ebc4ce91,1753220629218,USD,CUST_df2b9364,BA,0,3204.78,CUST_5f3465e7,
c3bc8441-d14f-4dc8-aa9f-83373c24ef5d,1753220629992,RUB,CUST_d515d252,LB,0,34.8,CUST_7de8564e,
12a698f3-5880-403c-b7ef-3041437d7cbf,1753220633933,USD,CUST_4f07710d,AF,0,289.14,CUST_a0cc8e16,
6c1be5ac-5f04-41dc-b3e9-ac5b10f0adb9,1753220646219,USD,CUST_95671bfc,BI,0,147.06,CUST_40c574da,
33d650d4-cb6e-432d-8689-cb6b3ec8f0b7,1753220647079,EUR,CUST_13c8a91f,MT,0,241.77,CUST_14ab5d7f,
a6ebe2ce-cfc7-4aa9-a680-0270b339cb92,1753220647936,RUB,CUST_214118bb,UZ,0,948.47,CUST_0aea284b,
f7b18307-0b2e-4d08-8cb8-88646303d4ee,1753220656997,RUB,CUST_e48b9008,GE,0,238.86,CUST_f1fc7bfd,
b61f589b-f1e5-454c-a379-3cba82d11936,1753220659493,RUB,CUST_bcef2838,CN,0,8.34,CUST_348269c7,
64fe506f-8dd4-4790-bbdb-b87f99486ebb,1753220661596,USD,CUST_cb79eeea,CV,0,56.8,CUST_ce8b6505,
0b545f87-8431-4fa4-b326-a3fdeab5e05c,1753220663142,RUB,CUST_bb7b44ef,LA,0,195.27,CUST_7b21621c,
0a634f51-fca9-4fcb-8e1f-02b700b285c8,1753220667677,USD,CUST_78495c96,GQ,0,330.31,CUST_75c5cf6d,
6620bb76-911d-49ca-b362-f2d04ddec762,1753220668533,RUB,CUST_f3c25a79,MV,0,66.8,CUST_dd84909f,
0511e628-faf8-4494-9e24-c3887748f734,1753220673048,EUR,CUST_fc31caca,DJ,0,3090.48,CUST_dda81c6d,
235cc181-d516-4093-aaf5-ede38dba416d,1753220674125,EUR,CUST_41e42a11,BE,0,15.05,CUST_6e78ada0,
1a90e81d-f801-4fdf-ade1-c38430bd122d,1753220679323,USD,CUST_ea747fcb,CY,0,738.5,CUST_b8671335,
4f5a604b-e262-427a-989d-e1e2e7394be6,1753220679954,EUR,CUST_2a034199,SV,0,409.27,CUST_8ad0a06b,
b44f0284-8dd1-4d36-8f3a-c056b5b168c4,1753220683575,EUR,CUST_bb81ca04,MN,0,59.85,CUST_e22d3155,
13db639a-1894-4c54-bb61-4822c12d4abd,1753220694419,EUR,CUST_6a3280f0,UG,0,8001.3,CUST_0013ddf2,
96990fbc-63df-47ba-badc-08bf41eedc43,1753220694957,EUR,CUST_35d04bf0,AD,0,43.15,CUST_c50cdacc,
3957ecca-89db-42cd-ae5f-e3afc39441c3,1753220696253,USD,CUST_82ef3ada,RU,0,62.06,CUST_ac40effd,
4e2fb73b-244a-4386-92bf-e30b2d71cbd2,1753220700256,USD,CUST_a7aafbb7,KH,0,83.89,CUST_fc7529ae,
11505e58-44f0-4428-9d5b-9c4baa10d98b,1753220713450,EUR,CUST_9a928f91,TR,0,109.31,CUST_d5ce84f1,
423b2daf-18fa-4490-8e39-d75da74748c8,1753220714643,USD,CUST_041455bb,KH,0,43.39,CUST_5f0234f9,
0add5db7-f94a-43a4-b4b7-77201fe59cde,1753220717313,USD,CUST_65d17658,EE,0,112.51,CUST_f094e865,
f5b86f34-9460-4f67-8eb1-2f75910174c9,1753220722238,EUR,CUST_9460dcfa,NO,0,212.84,CUST_2239e9c8,
12a65e2b-6f1a-4159-974b-050614e7ce49,1753220728217,USD,CUST_35fe76ec,GY,0,74.99,CUST_cb5e3a56,
d1ff757f-8063-4693-a603-cf3af29bbf9f,1753220731789,EUR,CUST_aaf3226b,SL,0,23.21,CUST_99be1d2c,
92a7acb6-20ca-4ac9-b8a0-7331bc565d15,1753220734857,EUR,CUST_93e27bfc,BB,0,24.77,CUST_003f7850,
81c8e8ac-09aa-4b50-9b59-226a27096120,1753220736747,USD,CUST_713cdbd4,BT,0,728.65,CUST_22a4feed,
846ba340-424b-4e86-bdff-5548b3fbe723,1753220740023,USD,CUST_1aa2dbc5,BO,0,372.27,CUST_2746ce96,
4e08da40-6065-4a95-9342-deaad9f98ea5,1753220740666,RUB,CUST_ee90170e,CU,0,95.35,CUST_fa4accba,
9bac904f-bc3a-4b4a-9687-79ce0e44934e,1753220743794,USD,CUST_67e4d100,IE,0,23.11,CUST_6ea507ce,
1d235cc9-0775-48e0-89aa-e86cd3839f49,1753220744887,RUB,CUST_5db0da6f,TH,0,16.26,CUST_bcae5381,
fe45901e-5089-4829-baf1-f29ec7ab9f7f,1753220756343,USD,CUST_864bafa8,MH,0,1219.3,CUST_8b3424e9,
d70a53ca-8f3e-4e42-bced-86e43ed55d18,1753220759098,USD,CUST_b4be0791,FI,0,220.37,CUST_0dafe32a,
8df603d0-20aa-4a1f-b680-98886a27caf1,1753220760739,EUR,CUST_510d47e2,NE,0,24.5,CUST_ab812e48,
b14b60c6-9088-4860-ac2d-041fda781e42,1753220763219,EUR,CUST_7fdeecfe,AL,0,28.23,CUST_24c1de28,
96d33e77-2cb8-420c-872f-746f7a988e60,1753220767411,RUB,CUST_33b1c207,MD,0,67.76,CUST_753a51c9,
99ce8a15-16fe-49b2-8da9-6fd90d40ed4a,1753220768414,RUB,CUST_0cbe163f,SR,0,44.19,CUST_a5e13c4c,
b4dfff68-efe9-4289-9bbd-1d59a2e82373,1753220771440,RUB,CUST_f8a9c82b,PG,0,363.43,CUST_444403a3,
713be6a0-f447-4a85-8fe8-99d44b95f1f6,1753220775909,RUB,CUST_cbe4a635,MT,0,92.96,CUST_8adadcc5,
061f49c2-c433-4cbf-abe3-90724291ec8b,1753220779390,EUR,CUST_8a244b0b,BG,0,259.43,CUST_82c5fd21,
d30504df-66d9-43fe-ad56-676c2b7f0dcf,1753220781566,EUR,CUST_15f83877,LA,0,15.94,CUST_133ef8bd,
97904883-c0c1-45f4-849e-3794814698dc,1753220784382,EUR,CUST_2107b5ae,AL,0,145.37,CUST_e47018ba,
4718b5a1-79dd-420d-86c9-9ab4f374b1dd,1753220786270,EUR,CUST_9b12aa3b,TW,0,55.52,CUST_f726b55d,
2464180d-9567-444e-9630-e96f223e2133,1753220793068,EUR,CUST_e817b0c6,PS,0,249.15,CUST_fc0b1af9,
e8b00786-4d9f-4754-8483-9e170ad14139,1753220795900,RUB,CUST_366c86c8,RW,0,750.02,CUST_5ee5c553,
8877bb03-813a-4a5c-aacf-420c68a2ee6b,1753220796640,RUB,CUST_6a02b03b,MA,0,487.82,CUST_32d62230,
86c63416-c1c5-45f0-a7eb-1d360c01a1fe,1753220804492,EUR,CUST_70cb1a32,BT,0,105.18,CUST_a03efd36,
a2ec427e-79d0-47be-98c4-38d011cf6390,1753220816143,RUB,CUST_a6a0bdab,SV,0,7690.08,CUST_61830ba0,
5b6a9a32-3378-435e-bf8e-0d719c2aea0a,1753220816731,RUB,CUST_3da5a572,GA,0,35.15,CUST_d1f5b5fb,
839b121f-37dc-41f2-9d68-9fb9573ce449,1753220821837,RUB,CUST_2ad54db0,CZ,0,373.59,CUST_018401b7,
3a5d46e5-f61c-48b2-a23f-aac2d3fef86e,1753220823646,RUB,CUST_9b186136,PW,0,101.41,CUST_ada5715c,
5c671425-1e47-4eba-87e0-15ef85e8855a,1753220825101,USD,CUST_0c0d0208,BR,0,60.48,CUST_a0e2dfc3,
43aa0349-4fa1-45fb-9199-bb5ce7b7c53d,1753220827052,USD,CUST_0d0f0aca,GM,0,184.43,CUST_8919bb5b,
046f78ef-6d65-4723-bcc7-3090c8eb5fd1,1753220829488,RUB,CUST_4beac7b8,CV,0,25.03,CUST_7dea82ab,
cd11e211-af66-4940-ad50-c11f735b8016,1753220830093,EUR,CUST_8ec24d83,KW,0,103.46,CUST_83a9b7c5,
5bd07087-d9ea-42a2-8013-210ffb655610,1753220832070,EUR,CUST_faeb2e53,MD,0,61.46,CUST_e2f3a479,
47849c46-1a66-4890-8afc-fdcf928a7937,1753220835401,RUB,CUST_d3085d2e,PE,0,406.79,CUST_01fd4a2b,
8dc3e245-5319-48fe-afa6-c8931694c46a,1753220837655,RUB,CUST_18f1ea42,GM,0,55.52,CUST_cb59a191,
fd64685a-eda0-4817-80d1-5824985ba20a,1753220845929,EUR,CUST_b1ef3bf9,QA,0,750.47,CUST_cde14cf1,
4121b9bc-6888-46d1-a701-8642cc0d5f0d,1753220847391,EUR,CUST_87230457,RO,0,1112.11,CUST_c2f77ea4,
aef92ea9-e2bf-4429-829b-23752efce4c6,1753220851243,EUR,CUST_3c77b4c4,SD,0,125.5,CUST_612c9ad2,
9197226c-1af5-4150-825e-24bf2d3752ba,1753220852459,EUR,CUST_af8b6224,MD,1,1000.0,SUSP_ROUND_e6ff3,round
a39c229d-dac6-411e-82d5-9f1df3be4de2,1753220855684,USD,CUST_097e365b,LC,0,78.52,CUST_bc78b15b,
82f5b7e2-07a9-4335-bdfd-144f5a0f44a9,1753220859095,EUR,CUST_f9a8e3a1,BO,0,9.43,CUST_86faaec4,
73e3990f-142a-482f-a70d-52d487d21a00,1753220865111,USD,CUST_0b78308d,VN,0,54.82,CUST_f617c541,
7ae77896-ee10-4566-a253-ddf779fba5ef,1753220865897,RUB,CUST_4397ab0f,UY,0,426.45,CUST_f6d15f09,
aa9134a3-2e2d-41b5-8233-30a2c7584fbb,1753220887487,RUB,CUST_7970ec12,AR,0,435.62,CUST_0c3d71f7,
bd7e6d65-a0c4-45ab-987c-017c0dd5261d,1753220888196,EUR,CUST_f5cecc6b,NO,0,35.6,CUST_1fef7290,
edc99681-9150-4638-a937-52aea64da6a0,1753220892771,RUB,CUST_abbdd010,AZ,0,82.59,CUST_233a7109,
03da1e35-be6e-4e1a-bbf1-6797721af746,1753220895345,USD,CUST_3c34f51d,VE,0,270.2,CUST_df5ebc24,
6ffcb2a0-ff1d-4c3b-b99b-87cd79dd3845,1753220899801,RUB,CUST_e9a56aac,GH,0,164.34,CUST_4b7003f4,
21a28f51-c6a3-4a0d-8007-1b9ef16fca7c,1753220900656,USD,CUST_d466950d,CI,0,47.46,CUST_c68461d8,
7312866a-c8df-44e3-b570-90a752088920,1753220901310,USD,CUST_e74198e9,TM,0,18.56,CUST_89146568,
5fbc94aa-ea9e-4bf1-9650-8a6b1b160936,1753220902907,USD,CUST_8bc0f70d,ZM,0,1695.3,CUST_a210d288,
9e67fb2e-b11d-43c4-9e48-2b07cf28ee02,1753220908366,USD,CUST_eb30e82d,MA,0,231.3,CUST_16fd2949,
c71bfd10-4e0f-4dc3-96d7-20e086b13740,1753220910050,USD,CUST_dddfbc1d,TV,0,247.71,CUST_9b7fb885,
53b11723-8b96-48e3-a452-c5d3fc825fb9,1753220911603,EUR,CUST_2d5113c8,LB,0,322.24,CUST_7136842c,
282129d0-b014-4252-a660-7ace678ffcdb,1753220913944,RUB,CUST_dfbb81f6,KG,0,118.9,CUST_8fff1762,
51cca9fc-d8f4-4af8-b3a1-ffb93fc405d4,1753220915632,RUB,CUST_3734b372,VC,0,537.19,CUST_03b88970,
ac17726c-b316-48ba-b53f-6f79677362a2,1753220917289,USD,CUST_a386c9ed,PG,0,108.42,CUST_cf1e1f1f,
6db834ce-78e7-4f4b-8216-9f0047f3cb58,1753220918468,USD,CUST_b3ff318b,NO,0,59.87,CUST_ddb5010b,
6b204e4d-4f39-42e8-a0a0-4c445734e699,1753220925033,EUR,CUST_ccad20f9,PS,0,50.23,CUST_8415bfd8,
e7df349b-39f6-436b-8cf6-0127eafc1410,1753220926374,USD,CUST_6283e57f,ML,0,113.88,CUST_7576d371,
658868d2-7cde-4900-97c4-3c49c0d5c937,1753220933216,USD,CUST_bcea6aad,VC,0,241.87,CUST_36bd05db,
8783bc44-2949-4757-9914-497567913d41,1753220934736,RUB,CUST_3bbdbb15,DE,0,4.45,CUST_fedf65d7,
68b5fa97-6367-485b-8be5-323572db581b,1753220946959,RUB,CUST_0c18c01b,LK,0,2087.59,CUST_c1dac2c6,
1adc2649-a7e4-4936-ae24-e21127f2f9c5,1753220948775,EUR,CUST_ed6b40b8,KP,0,33.32,CUST_78ef9e57,
c1d9eba3-09ce-44e2-8319-9447da909c30,1753220950310,USD,CUST_2f9b0d45,PL,0,8.68,CUST_7dfd4cee,
7e75a237-4b56-4a38-b06d-884c4657d912,1753220952272,RUB,CUST_76db43d5,NZ,0,439.65,CUST_71d01616,
d5e09240-496c-4530-a7cd-504e2e6b2f45,1753220953784,USD,CUST_695e055c,NR,0,597.9,CUST_5cace667,
3d8ed8d5-d20e-49ef-b9e0-e5094755921d,1753220955349,USD,CUST_3f1bd547,RU,0,419.43,CUST_00e3bd07,
74b71e41-88da-4c97-b91c-f5126b268b8d,1753220958150,RUB,CUST_3bf05ab2,CN,0,6.41,CUST_47e6045e,
d7428890-e229-4934-ab0c-6027ec9742e2,1753220967721,EUR,CUST_9de9c9d5,QA,0,896.26,CUST_f7b2ad70,
ff4b6089-7092-4a54-b1e1-56401a641766,1753220975408,RUB,CUST_5b8d46a4,MT,0,40.54,CUST_8392e80a,
7fcb07d5-e6a2-4652-94b2-2230aaf8e41a,1753220977822,USD,CUST_8152f705,MR,0,267.48,CUST_5571dd93,
170f8aaf-36df-482f-8d47-33611e4e3c27,1753220979531,RUB,CUST_34c36477,VA,0,73.02,CUST_91e3dd59,
796ca0d4-48c6-49c9-ac01-f05679fcea11,1753220982476,USD,CUST_ffecca9c,JP,0,33.36,CUST_a17b2daf,
f11ed049-0f45-4230-8ae1-2fa04a5ffa50,1753220986698,USD,CUST_c9d4296c,DE,0,725.95,CUST_d0a6d400,
9fea6d78-6953-4ff4-9603-a0a0bbea0771,1753220992611,EUR,CUST_1c1ca6e5,KP,0,2493.21,CUST_ec0b4587,
592b94d7-f43f-4378-b936-38a83ce0b0f2,1753220996558,USD,CUST_86485fe9,PY,0,6470.41,CUST_81e23339,
b8abf436-7329-4380-a18c-92353e750560,1753221003759,EUR,CUST_4098ebdf,AG,0,150.8,CUST_f7f11f78,
fedf2390-ca52-497f-99b7-61a8a2b55601,1753221012711,USD,CUST_0ccbd1b6,TW,0,12.8,CUST_31759fe0,
f3b6676e-897f-44ac-b1f7-9308db8b6839,1753221015342,RUB,CUST_d3400d32,RW,0,5.3,CUST_d113afd7,
d2e2524b-1dbb-4aaa-8ac0-551990f57f05,1753221020541,RUB,CUST_0145cc07,CY,0,90.43,CUST_10ad5da6,
507d3535-baf7-432b-ade7-0f17a9e2134a,1753221022108,EUR,CUST_2c7b3a9e,MM,0,878.37,CUST_15d4f52d,
95b9f4e4-95ad-4d44-8192-2303d390f3a9,1753221031609,RUB,CUST_07714867,DE,0,55.37,CUST_16edc106,
904f6404-3412-46fc-8073-7fb019d5ee2a,1753221033065,RUB,CUST_a30e7e89,NO,0,43.07,CUST_8c78cd91,
0ddd718f-d4b8-4499-848d-c149ad5d534e,1753221036739,RUB,CUST_dc4a62b5,GR,0,188.69,CUST_2b24e0d8,
5e19d1e2-7299-4d7d-bd18-ec3e5147d7a0,1753221038572,RUB,CUST_54c3fe3e,IE,0,334.72,CUST_1204b221,
091c8a36-b6ac-4849-b7c4-5b8f3fabb062,1753221040095,USD,CUST_478228ad,PH,0,168.27,CUST_26be0d54,
e2cf2101-3ed9-4079-a662-10a56dc61e5e,1753221042827,USD,CUST_245d6fd7,KG,1,287.85,SUSP_FOREIGN_67cae,foreign
ec160bee-4908-4bba-942b-6776149f67b3,1753221046511,EUR,CUST_b181b45e,DJ,0,303.49,CUST_bce3c149,
f69c9ed9-30f3-4e86-b675-d32a4a10f057,1753221052864,USD,CUST_69119865,PL,0,136.97,CUST_69d8558d,
74eb6e78-0af0-452e-b939-eb3142eb5acf,1753221054859,RUB,CUST_32a593bd,TW,0,77.16,CUST_ff680a7f,
55ee01b2-9913-4d9a-add5-023d9875c144,1753221055382,USD,CUST_130de8c3,MU,0,25.57,CUST_d850a2c4,
e749d955-2289-426d-81d4-bee2f91a7e25,1753221056257,EUR,CUST_825bd4f0,CY,0,286.83,CUST_73642770,
9031842f-7616-4537-b606-6f21c5fda3fa,1753221059617,RUB,CUST_27caf35b,LR,0,75.47,CUST_29130946,
fe150208-56ab-44da-8b30-b9ec22fca970,1753221063005,USD,CUST_f1bfb233,US,0,10947.55,CUST_53aff6e9,
2665baf7-349e-4940-bac7-488e15e9bc7b,1753221066730,EUR,CUST_638a2b17,LS,0,10.28,CUST_7d12ef11,
4159d3e1-ff76-4abb-91cc-3c47f32d1acf,1753221069493,USD,CUST_4aafdf0b,EC,0,4.25,CUST_a7650cac,
a29d91df-6047-4d9c-a6c8-e5e589dc8b0c,1753221073958,EUR,CUST_e1346ec4,IL,0,47.51,CUST_6e47d8ec,
6fbb77c6-af5e-438b-be0b-b9436bf26989,1753221074549,EUR,CUST_01aebf0e,MW,0,110.33,CUST_a80b7aa4,
4eb71f3a-2829-486e-8056-b1474af5f6c2,1753221082781,EUR,CUST_fb65087f,EC,0,8.6,CUST_893076f3,
11fdbf7b-90bf-42cb-a47c-56d0e1a085b9,1753221085486,RUB,CUST_6db2a8c2,CZ,0,128.62,CUST_08021eaf,
67d3432c-7efe-470e-886e-6b2994a80d14,1753221090485,RUB,CUST_debaa92e,ST,0,334.73,CUST_98ad1898,
4069f26c-9386-4d29-bfcb-9f420ffc221b,1753221095804,EUR,CUST_0e8160f5,PA,0,8.23,CUST_cfe41d3e,
d61671f0-7eef-41ca-bda5-a16c0554a376,1753221100136,USD,CUST_61ca5ae1,TG,0,57.03,CUST_42ac0787,
8f1ab668-c63e-4a51-8edc-0efab5a8e761,1753221102482,EUR,CUST_93da1985,SR,0,395.76,CUST_00e4d308,
8112d059-6b54-4d09-b73b-ab5fa02b9f58,1753221103863,RUB,CUST_2b3ab944,CN,0,92.11,CUST_a3ab28e6,
f4a714f7-8f87-4939-af1f-2d1064c1b3e0,1753221106421,EUR,CUST_50a0010b,MN,0,1710.93,CUST_9daba43d,
1509f6b6-f27a-4ee5-bf34-993f3a5b0fdc,1753221109855,EUR,CUST_71dfcb31,SD,0,77.75,CUST_b3185842,
5e963894-2e98-44b9-82a6-5f0a888117e5,1753221114095,EUR,CUST_147c44eb,CU,0,18.54,CUST_d4e41f7d,
6cb36026-4511-46d5-918a-4d2858010ce4,1753221119447,RUB,CUST_81f0b680,TL,0,226.44,CUST_b2c33b7b,
48dccdb6-6657-45ee-a53c-cbc47f2d751e,1753221121176,RUB,CUST_8e5ae70f,UY,0,35.54,CUST_b230bb20,
cccca07b-90b6-4dbb-aead-71e89745b2e3,1753221130008,EUR,CUST_ac77112b,NE,0,345.18,CUST_0b7aba40,
c3ee1706-ccb0-47d7-ba7d-0241ea986c6b,1753221130781,EUR,CUST_729743d1,DM,0,24220.44,CUST_9510293e,
6ed5208c-0d71-4e3b-a0ad-6e6aac701fda,1753221136335,USD,CUST_d537e16c,SZ,0,96.6,CUST_45d1f00a,
b182dee1-ca61-4eb8-8a87-b2bcf492a3ef,1753221137732,EUR,CUST_d0ceb0f4,AD,0,4.97,CUST_fd167ebb,
63f51314-5ad5-447d-b9d7-c23597f3cd67,1753221142075,USD,CUST_74aa6c92,CL,0,66.32,CUST_8293c49d,
57c4dddb-2393-49eb-a2ca-8583849a5f92,1753221143742,EUR,CUST_90fc3313,TO,0,52.05,CUST_4f20951c,
bee50ee7-3bad-4e51-8b6a-1aafbff7e31f,1753221145987,RUB,CUST_f8d1bbe2,IS,0,191.6,CUST_319f64d4,
6c8a0793-12fd-4bac-b65e-6790f668528e,1753221146747,EUR,CUST_e0fc5833,DK,0,70.09,CUST_7f80d602,
ac2a3aaa-ed7d-4f17-b15d-583f86a76f7c,1753221147290,RUB,CUST_68318187,LK,0,5.2,CUST_6fc3e47a,
5f919a0b-7b5d-4dbf-8749-cbc301db1137,1753221154848,USD,CUST_dd7f501a,ZW,0,48.88,CUST_d6b6135e,
e47ee714-de50-4d2d-8e92-ccf6759a6623,1753221157384,EUR,CUST_0ffc1ec0,VC,0,624.95,CUST_de823fca,
eee6fe0e-ea1f-41bc-bdd1-8bd9f98ec017,1753221160903,RUB,CUST_01dd03af,AL,0,18.1,CUST_692951a8,
2e37cbed-fab7-42f0-a8f0-da232584d8b1,1753221161504,USD,CUST_cc984911,MA,0,132.96,CUST_70fdf370,
d9600b5e-f005-4813-933f-e363939fc311,1753221162854,RUB,CUST_e8689a04,TJ,0,404.81,CUST_1efeaf60,
477c8498-5b33-4409-a78d-c06dc86fc293,1753221164088,RUB,CUST_89783921,VA,0,41.21,CUST_dcb9cf36,
4dddc37a-594d-421c-b1ce-83b128958bab,1753221168069,USD,CUST_3b2912e5,OM,0,59.55,CUST_ebc37c2b,
b58e2473-b305-4570-bcac-672693199e2d,1753221173135,RUB,CUST_4fbe1875,DO,0,53.78,CUST_a3c2d6ce,
076fbc1c-423d-4be2-9420-f23c21f2c23a,1753221182683,USD,CUST_b9af436a,MD,0,40.78,CUST_64cb53fd,
1cdfbc09-d297-499f-b3ef-7b56a930e8ab,1753221186378,EUR,CUST_41dc5928,NG,0,993.08,CUST_96133ac4,
7b5e9f49-578f-466d-a83f-6b2585c2fd8a,1753221189888,EUR,CUST_b0cfdc5e,CL,0,2584.37,CUST_0f5c53ed,
59523479-0930-4935-a080-2195bfe3c4bf,1753221191671,RUB,CUST_a89a39ce,LT,0,99.31,CUST_ac768483,
f3abf7f4-746c-4011-bd8f-705874eef63e,1753221193372,USD,CUST_8cd8b593,SZ,0,60.59,CUST_ab5e455b,
dd04b0dc-0a32-4024-ab6d-7a52b2a3918b,1753221194543,RUB,CUST_ad4a7d31,SR,0,1621.73,CUST_ddeb986d,
f64c5fd5-dbb1-49c3-b333-a2c556ae1d8e,1753221202533,RUB,CUST_7e69fd13,IE,0,32.76,CUST_86f44b7a,
10434628-b42d-461c-bd03-e44d0693381a,1753221205889,USD,CUST_6999b9c1,MR,0,2779.18,CUST_7bdedca9,
66cae6fa-a8d8-40a5-acb0-d988d187ddb6,1753221210950,USD,CUST_d6bc26f8,PA,0,93.58,CUST_f7097100,
68666fdf-5c3f-4119-913d-391974d54714,1753221214888,EUR,CUST_2f098fa5,KR,0,48.23,CUST_ad1b3ce1,
37f2797e-f6a0-4f55-9c80-b4145320088a,1753221217519,EUR,CUST_ddb1c7c5,IN,0,10.58,CUST_f1b8f55a,
266d6a78-ba0b-420a-8a66-3b218a8cb48b,1753221222754,RUB,CUST_b03d10df,TV,0,1649.36,CUST_1f69c79c,
e2037986-3638-4fff-a6cd-21f1ede384b0,1753221223442,EUR,CUST_8c03df32,AT,0,462.65,CUST_0a625b3c,
babf5e41-6d9e-46a9-b9b3-1580897596c5,1753221227793,RUB,CUST_bdf6a6c2,RS,0,376.44,CUST_9d7058c7,
d9e0367d-5ed9-430f-b94f-634b15ed3beb,1753221231361,EUR,CUST_6a2ec4ea,LV,0,244.01,CUST_9755ebb7,
2e825fc6-c5c1-40bb-a78a-a05476504cba,1753221236860,RUB,CUST_40c7292d,AE,0,275.25,CUST_17279218,
05dd4fcb-31bc-44f6-b7ac-b472408a8379,1753221244372,RUB,CUST_ad4be281,LC,0,204.18,CUST_007f7889,
afb68c1b-da0f-4e5c-a29d-798d60590f93,1753221246355,EUR,CUST_a6d8912b,SB,0,468.96,CUST_cd33746b,
ebaa908b-da88-45af-8031-4dd4244ba3c1,1753221248104,RUB,CUST_b3462f5c,AL,0,64.06,CUST_b4c89f71,
cdf0d6ce-956c-485d-9830-3744cadbe5bf,1753221249790,USD,CUST_a4200546,MH,0,27.18,CUST_f0cc1a23,
bba6d1f2-0d60-4358-9498-c6b2642acbcd,1753221252309,USD,CUST_7643cec4,BD,0,548.79,CUST_4351919a,
e91dc4de-dd5b-4e0a-b934-5568af8348a6,1753221254865,USD,CUST_aeb9b364,GH,0,555.55,CUST_c2839c85,
0bd47708-de29-4ef7-93b8-d06b129d480b,1753221257339,EUR,CUST_e4932d47,BS,0,94.82,CUST_0c8f7188,
9a6c5bf3-9c12-4a56-bb5d-0fd184ca7f5d,1753221258555,USD,CUST_8c9366e6,AD,0,200.02,CUST_44d2d3bf,
09524155-1e6b-4572-baf8-33214e1581ee,1753221265332,USD,CUST_0fb5b358,BE,0,31.92,CUST_87d3df36,
b33cf377-9989-405f-be11-7d35c02e5be2,1753221273080,RUB,CUST_ef6ea232,NZ,0,1490.81,CUST_9813ce21,
d430b483-2387-4696-b9f0-7fd39e91ac40,1753221275726,RUB,CUST_a4728df8,EC,0,162.52,CUST_72f7f46f,
c1bd7ee0-f1a6-4a08-abaa-fe3b9440aebe,1753221278830,RUB,CUST_bd171141,RW,0,68.99,CUST_3c4caf5b,
f3548f47-6969-40d7-9b02-9c1dfdb2ddbf,1753221285715,USD,CUST_8499d791,BN,0,129.12,CUST_99f76d64,
46475e15-15be-4177-a247-9c7550505aeb,1753221287286,EUR,CUST_ba2fada0,MD,0,34.64,CUST_35673a12,
647d94fe-adfe-40b8-a41e-d5fb919fe16e,1753221290497,EUR,CUST_a29121f2,TJ,0,503.78,CUST_021fa339,
946265ee-2221-4503-84c0-5bf643db715a,1753221292817,EUR,CUST_b4c1909d,UZ,0,50.89,CUST_bdb0c88b,
70edab0e-0314-486a-99a9-07ae3f2ce59c,1753221293450,EUR,CUST_f6c5ebb6,CO,0,453.36,CUST_797ec16e,
f28ea7d1-bde0-43db-b14f-eef22b5d3306,1753221294842,EUR,CUST_b1c67125,AM,0,12.9,CUST_569fbf21,
a11a9de5-354b-4977-b93a-b74642d7050d,1753221299412,EUR,CUST_9c60a7f4,ES,0,3554.46,CUST_aa979cb4,
4103adef-3707-4873-ac67-a01e527c2a5d,1753221300980,RUB,CUST_0aea95a4,PS,0,52.31,CUST_8697d9ca,
23824ee7-9e9d-4e11-b0c1-8f100d92a8ae,1753221303305,RUB,CUST_f4a4bc4a,JO,0,1038.34,CUST_d246d9f2,
ebae337d-986f-4ef3-8e65-20ab5132fd91,1753221309317,RUB,CUST_eae409e9,AD,0,702.51,CUST_ecfd3dc8,
fe8abf56-b6ab-4d86-8aa0-3083beaab69b,1753221311368,EUR,CUST_1aba7f0f,LK,0,300.42,CUST_c93b33e3,
f0f6a761-ed02-4e21-9577-a4259f453dbf,1753221314782,RUB,CUST_38547af7,CY,0,71.97,CUST_46087d2f,
b5f699d6-6f1c-40bc-891f-396d72d7cef9,1753221320762,RUB,CUST_9aeea3e2,EG,0,108.06,CUST_2342bd84,
0f280a7d-ac78-42bb-8712-b971b00a0997,1753221322029,USD,CUST_817fa9e3,PT,0,637.51,CUST_caf11a3b,
1b7e254c-a6b8-45b2-9e0a-d08c167f616d,1753221324741,USD,CUST_5937f399,MM,0,179.55,CUST_adc39da0,
fbeb38b8-2e8b-4081-9128-59ce0739f85d,1753221327091,RUB,CUST_137f0aab,SC,0,133.61,CUST_c78b6f4d,
524731ec-8338-4967-9462-88d1af242055,1753221332633,EUR,CUST_0ae2a3d8,BI,0,703.79,CUST_ee6e1970,
d1a6a281-dd43-4052-aac4-e6bc9f46c5a5,1753221337813,EUR,CUST_07701440,SZ,0,43.01,CUST_448776f7,
98b33033-4ab3-47d0-8e6d-2d57c1e9444f,1753221338846,RUB,CUST_dd7b57dd,FJ,0,671.7,CUST_2737b43e,
1edd5e92-b4d0-4a74-bbe2-88ca6198af4a,1753221342412,RUB,CUST_e5056295,PT,0,272.2,CUST_c6b0ff4b,
49b968be-6f81-4213-816f-aa755f59916f,1753221343472,RUB,CUST_d882e5cd,QA,0,698.12,CUST_d395cdab,
63a08d79-2188-4361-85ff-d0969208edae,1753221346789,RUB,CUST_38421b48,QA,0,654.43,CUST_71b2d14f,
237ff7c8-c885-4e72-b198-821a566e4078,1753221348682,USD,CUST_7429d4b0,BW,0,60.99,CUST_50ccc1c8,
52cb3ae8-b4c0-42b4-8329-8f95ea9c44e2,1753221350056,EUR,CUST_11738bb8,MC,0,136.9,CUST_fe9d1a89,
eb781d23-77f1-4128-9ff9-2075d4818862,1753221354602,USD,CUST_71806a86,CZ,0,103.45,CUST_4fad705b,
6ba13063-c569-427e-ba87-f79b25dda204,1753221357532,EUR,CUST_8320ad20,CA,0,34.7,CUST_2e2b56f1,
3383a194-c9ad-4bb5-b31a-fca2da450c13,1753221368421,RUB,CUST_3fdc6a8c,MT,0,373.09,CUST_57b295f8,
d15df611-4cd1-4995-99c4-bfdce84d560e,1753221370643,EUR,CUST_e0b53faa,EG,0,186.75,CUST_941f52b9,
145ee190-3b8e-4582-9ef2-1603e79480c5,1753221374188,EUR,CUST_d4123de7,NP,0,185.75,CUST_e10e0ca4,
61cb2e0d-7cb9-4476-acd4-1d206daf562e,1753221381644,USD,CUST_488902ee,LI,0,141.38,CUST_ab0d4b9f,
93570bb7-fae5-48eb-9e56-3cd1064eded9,1753221388398,RUB,CUST_fd2d0035,PK,0,46.06,CUST_4452ce3b,
a1f95d9b-9071-478e-a794-6208c77cfd3a,1753221389082,RUB,CUST_7173e56e,KM,0,363.39,CUST_67a77a9b,
d92cb393-6ee5-40d8-974f-8bec29c4f71c,1753221392560,RUB,CUST_12ed778d,BO,0,404.63,CUST_ff39d4df,
2806443b-f998-4645-90df-b0aab92577d0,1753221393709,USD,CUST_23e49ecc,TH,0,58.37,CUST_d29010e4,
aa94d696-1c62-45ad-969f-ca92e2828aba,1753221397674,EUR,CUST_bda65eb7,PE,0,325.42,CUST_1331e461,
9b8d3423-2b91-4650-8ba7-3a63700fa8be,1753221398315,EUR,CUST_fbd911be,OM,0,67.66,CUST_9bc86251,
76c0705f-cc91-405f-8333-72740acfb965,1753221412793,EUR,CUST_86d14078,SY,0,568.5,CUST_2c53bbfb,
dc9ff4ac-d260-4829-baf7-ef5a006d1ee8,1753221415618,RUB,CUST_c3ac06a8,BG,0,28.42,CUST_d74c1cb8,
0dc6dd02-d926-437a-b00b-69ecac53865a,1753221421269,RUB,CUST_7a34a1b2,NE,0,61.76,CUST_639a4683,
0aab0bab-01cd-449e-b9ca-c440b9d99b51,1753221424576,EUR,CUST_a7a8909c,SB,0,276.59,CUST_947c0c21,
676ce023-df2e-4247-a38e-87bfa4b03c20,1753221428550,EUR,CUST_d7d1e3ac,LI,0,2121.7,CUST_36ba9bda,
6ab24f01-b98b-4e63-95c4-5d6b5e6c9c82,1753221431702,USD,CUST_44795fb4,KM,0,7.92,CUST_beeaa398,
a5d3c6ce-eb7f-47f5-b0d6-1283f137479c,1753221435552,RUB,CUST_65588b6e,MG,0,277.67,CUST_61b3ccf1,
6c190af8-a611-424d-962d-68ef684ac31a,1753221442874,RUB,CUST_c78ba884,BS,0,2.89,CUST_517a168f,
c96b999a-013c-4db6-be69-b7b80ab9f297,1753221444180,RUB,CUST_0cef775b,CR,0,123.68,CUST_c403e584,
c5a99459-0d4d-4a6a-9877-afa20ffec11a,1753221449202,USD,CUST_cc143e4a,MD,0,757.38,CUST_f1241f95,
acbf62ff-71c6-40b8-9b38-c9a4bff8545b,1753221453495,USD,CUST_ddaa426c,SN,0,17.81,CUST_77c84e15,
ad1011b9-7172-4c8d-951e-049b3afec859,1753221456794,RUB,CUST_dfde7b23,BW,0,4567.77,CUST_3b55514e,
50d7b40f-9a66-458c-99a3-9478823b512a,1753221462940,EUR,CUST_10e1e005,VC,0,338.09,CUST_951124c0,
ec21d7b8-16bd-4551-8f34-1933fee05ddd,1753221465610,RUB,CUST_9d425e98,NA,0,36.38,CUST_034c0236,
1cb666f5-a2c7-4284-901a-16a1d07f5d60,1753221470103,EUR,CUST_5c77e0d6,PH,0,82.71,CUST_53c55fe1,
c1481d94-383f-400c-967c-6a0240723e72,1753221475527,RUB,CUST_5d5938d3,SN,0,125.55,CUST_e3bfdee7,
fec3d51b-4088-4390-a151-f85a2bc9504a,1753221476266,EUR,CUST_697f35a9,CD,0,194.14,CUST_ae506fca,
9e33575d-d159-47d0-80a2-eb7f16ce4739,1753221476880,USD,CUST_a3c3a2d6,KE,0,1504.85,CUST_a2af97cf,
2cdcb7cd-a7d7-4ff3-82a2-16a6212d3fb3,1753221477836,EUR,CUST_defe6905,LI,0,111.47,CUST_f817cb9f,
dd5580b3-71a5-47d1-b8b9-2d604452c74f,1753221479041,RUB,CUST_60d7d98b,BS,0,26.54,CUST_4f7ff05d,
cf29b8d1-b820-42f1-ac12-37573490e2f2,1753221480893,EUR,CUST_349103c6,SC,0,282.22,CUST_1c155225,
f2f92e0f-d24e-4cc5-af17-8bd7f40d00f5,1753221482726,EUR,CUST_00ef0797,KW,0,123.74,CUST_3fee5b02,
adae10d1-f326-456f-9d5c-281fdabdb5cd,1753221483954,RUB,CUST_47c74019,SD,0,27.11,CUST_e7728987,
f83eb73a-eab8-4e03-a5f5-ff8596bcc4d2,1753221489017,EUR,CUST_9af1d46f,LA,0,32.83,CUST_b828c87d,
629c55be-c680-483a-94e1-301582b5d628,1753221498356,RUB,CUST_4bac91e9,RO,0,11.87,CUST_e6cdc230,
e7e9ef65-2301-4e4c-94f2-c90e1a02c0a6,1753221498985,EUR,CUST_dc3ba040,SZ,0,117.76,CUST_baee8a30,
26f66799-70f8-476c-bb11-7e8d0ec910fb,1753221501945,RUB,CUST_29a9f70d,SN,0,70.16,CUST_8b726f77,
c977930d-7d60-4260-820d-e9a3e8846de6,1753221512890,EUR,CUST_68288720,TG,0,58.98,CUST_18d6dc51,
68d7286e-f9e1-4f0a-a5b1-675b0d5b21f7,1753221514075,RUB,CUST_59230bce,IE,0,2393.99,CUST_a9b499df,
e91c0b35-6207-4381-9a00-a0564ea0d97b,1753221515820,USD,CUST_eaa4ebe8,QA,0,145.73,CUST_ae5dddbd,
98c9ae1f-95c8-416d-bb14-81b89487f359,1753221517209,EUR,CUST_929003b5,SA,0,288.39,CUST_49e1200e,
611e2355-6c19-497f-9c31-6d68de08eb86,1753221522460,EUR,CUST_cc0c99f0,FM,0,161.38,CUST_21e30c97,
3a85ab0e-bfe4-4187-81c1-0910932058b8,1753221524055,RUB,CUST_4eb0d6b8,LC,0,75.89,CUST_0173f7af,
d6cd992e-f7b9-448e-804d-e62aaeed8dfc,1753221534993,EUR,CUST_6e4b7a3c,TM,0,848.0,CUST_f532efea,
641762e5-2116-4c2f-ab48-76e56a9e19e5,1753221542557,EUR,CUST_fa932e74,BT,0,842.53,CUST_6d84ddf7,
1fddf878-9de7-4f16-90df-86bef43f918f,1753221543702,EUR,CUST_9353aea4,LV,0,17.64,CUST_c4e2333a,
3380aa81-fe3f-494e-97fe-f03457ebe946,1753221545602,EUR,CUST_e00e2365,BZ,0,33.68,CUST_b9113d7f,
f6837787-6400-46a2-bdc2-45cb44cd9390,1753221551419,RUB,CUST_b1931eba,BD,0,73.72,CUST_b0387f8f,
31ed7166-dd3e-4517-92a2-7a2caf3ba778,1753221561868,EUR,CUST_c8b358a1,BW,0,1481.69,CUST_b61606cb,
77d30ac5-b1bc-46f3-8918-a6db4268d4e5,1753221563526,RUB,CUST_bccdcae0,YE,0,102.64,CUST_80a07717,
795650b4-ec0e-4859-aa62-b6dddc5b5405,1753221565390,USD,CUST_71c4c2c7,UZ,0,328.6,CUST_2344051f,
67bbdc75-5ecb-4508-b6bb-8c4530aa33e4,1753221572902,USD,CUST_2f7ced75,NR,0,258.72,CUST_7d73a159,
f7d6bc8b-dd06-4f2b-87e1-e662519d9333,1753221573705,USD,CUST_de6aaee1,IE,0,870.1,CUST_4b110f55,
7ec931a1-fc71-4432-93fa-0cde4b1464c9,1753221577173,USD,CUST_63ad21a6,GE,0,85.36,CUST_444836fc,
b1aed9a8-5c08-45d8-a33f-e27cd2d0993f,1753221580099,USD,CUST_5a3a7d6e,MM,1,1000.0,SUSP_ROUND_b22b4,round
90135994-1871-4814-b50c-d175e5c01ba3,1753221581645,EUR,CUST_407df362,AD,0,1104.19,CUST_62ad9ab0,
f5c24fc4-bbe7-43c4-ac69-0e912470f64d,1753221582814,RUB,CUST_9136d3b8,GA,0,39.84,CUST_a667f4ba,
baac7e50-3aed-4b2f-a051-e5da11c771a9,1753221589751,EUR,CUST_187be954,TR,0,299.19,CUST_27605651,
610d4c00-d979-4241-a2b0-eb617438eae2,1753221594622,USD,CUST_491346eb,KG,0,210.18,CUST_2b500ebc,
f1e1013a-f152-467f-9cd1-f43b2b3a984c,1753221595727,EUR,CUST_b5e5da9d,MT,0,47.22,CUST_a1a2de5e,
3e441d20-9184-4799-a8bb-38baf273541c,1753221602771,RUB,CUST_cb705978,VN,0,92.38,CUST_423f627a,
7c22cc32-20fb-4807-a783-e98890c65d18,1753221604534,USD,CUST_6d2baf0e,GR,0,201.52,CUST_35bc9d05,
13a513f7-c478-4f92-86e2-1ba070a29ad3,1753221609616,EUR,CUST_285c01b9,TR,0,500.57,CUST_4d30236d,
d0253193-6deb-401d-ba38-98dde24a57d5,1753221614858,USD,CUST_2aaa1f4b,YE,0,398.36,CUST_bb5e7315,
e96046de-8423-46a9-8a7f-cf990406e30c,1753221615584,EUR,CUST_abdf5868,ZA,0,77.38,CUST_2444a9e2,
78a2e4c0-1e9f-4d5d-9037-9b63c990ff3a,1753221616346,EUR,CUST_9deb5821,ME,0,68.35,CUST_ef653120,
e6aaa5a5-dcd0-4961-a76d-bc1e6f632d10,1753221616997,EUR,CUST_098a6a3f,CN,0,181.17,CUST_0d612dae,
88f62fe5-fdab-424e-8007-4fce7e3bbdba,1753221625265,USD,CUST_6ef6f323,SL,0,983.78,CUST_bb46bfc8,
441f19e9-7b64-4d35-8e50-dee2cf10525a,1753221626884,USD,CUST_c2d827d4,CD,0,192.15,CUST_c2f569f5,
6c1c1a72-f1e6-4abd-a19e-2d56858dd8cb,1753221632748,USD,CUST_19cb50a7,ST,0,896.64,CUST_6afa3eea,
f65a3e16-4bb3-4fc7-acfd-87582bfd12d1,1753221636447,USD,CUST_8dd06e2d,SC,0,97.49,CUST_41c167f4,
02d41ec7-e8b1-4007-9f5f-c959b5550211,1753221640355,USD,CUST_8a52528d,EG,0,259.54,CUST_9c25ac54,
d15a9c25-43fb-47e2-8748-5d25dbd610b8,1753221642050,RUB,CUST_0a62a033,SD,0,405.02,CUST_ef803f9d,
d649bfd8-22c1-4eaf-9985-121b42ff9456,1753221645237,RUB,CUST_c57ad4f9,BF,0,234.85,CUST_16d91301,
223bac3e-3cf5-4ebf-a898-71db6619b9b5,1753221645880,USD,CUST_500adcf7,MA,1,381.79,SUSP_FOREIGN_2249a,foreign
6626b272-edd8-4067-a4d6-7bfafb2f8e41,1753221654478,RUB,CUST_6ccacb39,TW,0,461.0,CUST_67f7ac96,
101da8a8-05b0-497b-9827-745730e5816e,1753221657502,RUB,CUST_43af0d7e,SY,0,47.35,CUST_ee845e6f,
fac89d9e-32f4-45ac-8600-02b4d913662f,1753221664611,RUB,CUST_7bd32416,KM,0,1215.05,CUST_780cabb2,
6abd095a-97d6-4194-a8da-8522d8b98d9f,1753221666165,RUB,CUST_df57fbf7,IL,0,132.18,CUST_676ac28e,
a370b777-6a75-40d6-bfec-c9865709d5ff,1753221668354,RUB,CUST_ffb21188,LB,0,959.71,CUST_8ecc0004,
bc608fcb-2937-449d-914d-0ef98ba7e759,1753221670354,USD,CUST_fa8199b4,AE,0,5777.5,CUST_00dbdeb2,
bc151cbd-7618-4525-9950-743f446c6744,1753221678018,RUB,CUST_52ff59c3,LV,0,265.42,CUST_dcdfad9e,
6643cf54-74fb-4f18-8d96-a23b2c7919c2,1753221687224,RUB,CUST_4de7d71f,ID,0,330.31,CUST_5f0061a9,
c9409f9f-c915-4360-a10d-5e1c104dbabb,1753221688884,USD,CUST_b3a24ed0,TG,0,851.26,CUST_2a98ad23,
7b5c191c-72f6-4751-9b7f-eac5cff3acec,1753221689729,USD,CUST_7cbb982a,KG,0,426.1,CUST_a823ab44,
ca085603-34c5-47f8-8422-42cbe8782202,1753221691617,RUB,CUST_8182b441,KG,0,42.42,CUST_ac2b4609,
13e61901-3023-4dd0-8608-72918898b36d,1753221692988,USD,CUST_cbab4873,NA,0,11.38,CUST_339b8780,
a336683f-b60c-43ea-af37-d69fc3a27106,1753221694401,RUB,CUST_28eefc87,BD,0,108.29,CUST_1bb711d8,
99b9f943-75f1-4614-926e-0133257d4b8e,1753221696349,USD,CUST_a755098c,MC,0,15.71,CUST_f4a3413d,
e2053d40-7cb6-4a57-babd-ba40baf6feb8,1753221700923,EUR,CUST_26a5d0d5,TG,0,112.75,CUST_2deb89c3,
8c24d60e-aa34-4f8e-a36d-ec18c7afcead,1753221709224,USD,CUST_56dd6a60,UG,0,48.18,CUST_3fe2b7f2,
5c7b49b1-7b59-4d48-a208-83e061167ab4,1753221715579,RUB,CUST_b60d9b25,PL,0,353.56,CUST_58b2a3bb,
6122aab7-4de1-4a21-9280-9a2adfac4849,1753221717058,USD,CUST_1174f579,DZ,0,162.6,CUST_3aaa9828,
d51cf78f-40c8-4126-be4b-68861ba77358,1753221718939,RUB,CUST_e240032f,MV,0,14.66,CUST_2f368eeb,
6dea47d2-5e43-4a79-a7e7-49025d0ecf72,1753221723502,RUB,CUST_15afbf4b,ZM,0,374.4,CUST_18b0569a,
c6209191-cc88-4670-9f1f-c31ef07100b1,1753221726102,USD,CUST_475150dd,MU,0,121.17,CUST_d6cc84c6,
52c360f9-903e-4e6a-a547-05648d34e1dc,1753221727188,USD,CUST_dceefff3,GB,0,4.01,CUST_d76bb965,
0b4f8d25-696f-43a0-9392-ad1933c7b387,1753221728931,USD,CUST_13586449,UY,0,84.06,CUST_e911ef0b,
f9c08b22-7904-4888-bbd3-35555b32bfe1,1753221730370,USD,CUST_30e7fc92,SO,0,316.5,CUST_ed6ce3f8,
23ad52ae-ff02-4e38-868a-db94e43fea73,1753221732293,USD,CUST_8e823246,CU,0,278.51,CUST_d165aeea,
fce6755f-8f1c-4112-a43f-62096db8db00,1753221733060,USD,CUST_462b3b8e,CN,0,557.38,CUST_e0549764,
3a84e931-c469-4478-9483-021d0b455607,1753221734874,EUR,CUST_28be1a49,ES,0,48.12,CUST_7eb87aa2,
fa09475f-f5bf-4681-8d7d-6e1d92037fd6,1753221736541,EUR,CUST_2d6bb8b6,US,0,2351.08,CUST_76158b88,
6930fbbe-6269-40a5-913f-8bacea1319e6,1753221739258,EUR,CUST_024c71bf,IE,0,327.49,CUST_6eefdf9f,
c67e69b5-6e3c-406d-a759-ffbfb854e508,1753221747714,EUR,CUST_def4af67,CF,0,232.89,CUST_ece1a8c0,
90190ee1-4668-4e7e-997b-f861ef9a2c13,1753221753269,EUR,CUST_fe5335a6,NO,0,1518.15,CUST_a5d42366,
96d5c20c-0eba-49c8-80b5-d58683eb2416,1753221754222,RUB,CUST_e5f3d0d9,NL,0,3913.92,CUST_c71501bc,
66df8a42-73ac-4b2b-884f-ee3ac1af112e,1753221756969,EUR,CUST_0b3bc771,NO,1,42.64,SUSP_RECUR_64117,recurring
00b62160-0afb-4c57-8981-4f2c0cb38273,1753221765179,RUB,CUST_26deeaa8,LS,0,30.56,CUST_81d25a74,
e445712a-ac20-4483-99d3-51e7ab99d28e,1753221768497,RUB,CUST_1a23e7da,FM,0,193.36,CUST_5ab77053,
2a34aa0f-f1c9-492b-a7bc-a4ad464e706d,1753221773859,USD,CUST_27e27c58,MN,0,395.58,CUST_2ad8c793,
c0f9b4a3-32e7-4e56-9414-22cd56a72f60,1753221782858,RUB,CUST_605adfad,HU,0,352.17,CUST_287efd57,
7bea0314-b0f0-4064-8932-43ac83c6438b,1753221783525,EUR,CUST_8d8955cd,UA,0,16.21,CUST_e2dfbb53,
5bf8a45e-5ea9-40c9-a391-22e3aca6a9cd,1753221785170,USD,CUST_01d718db,UY,0,64.04,CUST_b0de7c17,
8aecd96f-44b7-493e-9207-e56222682c58,1753221786971,USD,CUST_17dd8f9f,GW,0,651.45,CUST_b7564cb8,
90aaa5a2-1c91-47c2-a00d-a15d819e36d8,1753221789460,USD,CUST_c825fef6,NP,0,343.56,CUST_85977b73,
a324ed27-402f-4845-a3e7-1e700f4c3172,1753221793071,EUR,CUST_6809a711,GT,0,110.38,CUST_606e9cb7,
c249f850-241a-4215-90f3-43c459127789,1753221801680,EUR,CUST_bc30245f,BZ,0,23.56,CUST_fd49e454,
80cfe232-a5ef-4834-9d82-097132a5a8f1,1753221804273,RUB,CUST_3e25fece,PH,0,15.05,CUST_72abbb10,
2e9cd47f-3ce5-4f72-81cd-558240f33c6b,1753221806381,RUB,CUST_0ec8c632,PH,0,289.73,CUST_3f10c2ba,
f3e272c3-ee97-43e5-a473-ea09eab9f1ad,1753221808610,EUR,CUST_2219bd23,FJ,0,3641.7,CUST_c1897c59,
f33f6f0b-bb3f-4099-a65a-7c2779cb8cc2,1753221809458,RUB,CUST_94333e72,NZ,0,120.62,CUST_b70518da,
82d3645d-73f4-49aa-b4da-0b0a10f49e2d,1753221823270,RUB,CUST_3eeb7a06,DE,0,112.2,CUST_4dcc0621,
7cde06a3-28e3-4754-b115-9681ad4a15d7,1753221831803,USD,CUST_020bb590,PL,1,273.95,SUSP_FOREIGN_25023,foreign
2556d74f-ee4a-47d7-8d7a-243b652625e4,1753221834725,RUB,CUST_667cd339,NR,0,110.46,CUST_599235d8,
2b77d760-1156-46d7-aeab-b81350c4f07c,1753221837671,EUR,CUST_f3d25bd9,DM,1,41.75,SUSP_RECUR_95b66,recurring
c5cf0678-b66c-4166-bf4c-81c76d8e44f7,1753221839527,RUB,CUST_88d3b49b,MU,0,48.72,CUST_d2456cbf,
02b39f7b-fa08-4381-94c9-b2ca2ff86987,1753221840062,RUB,CUST_e8d3a0b8,GW,0,12.39,CUST_1702d00e,
16482504-1aec-4cfe-aa76-d519d3198b85,1753221843302,RUB,CUST_411172ff,GM,0,64.72,CUST_36fff5b8,
769664c8-8bd6-4b07-98cc-8d1602f9339f,1753221853158,USD,CUST_0d4e2295,ZM,0,313.12,CUST_1408e772,
b9bd3b0c-3bf1-4778-a3f6-106a843c7583,1753221858606,USD,CUST_7b815258,MV,0,28.73,CUST_29d29344,
1cbc356f-d6d8-422a-a1c5-9ad8bc88f9d1,1753221860616,EUR,CUST_4abd9bb5,YE,0,251.1,CUST_4ec2b10d,
0515b554-482e-4136-a970-e4c2c3d5920a,1753221865850,RUB,CUST_98f5ffaf,BH,0,238.92,CUST_a048456b,
b1c30a25-102f-45cd-9d23-6c4d007066ff,1753221868320,EUR,CUST_ed7d4291,MT,0,572.81,CUST_d5972e0c,
7ee8aa96-50b5-4ae1-a58c-53c7d7a5fd7d,1753221869648,EUR,CUST_4a1fcfe4,ER,0,212.24,CUST_747197af,
4c3e89ec-713a-486c-8e86-3b463743f68e,1753221878985,USD,CUST_d039ac4a,EC,0,481.11,CUST_6a572a4d,
d4f7951a-07fe-49e1-b01e-5dfadba3da55,1753221882260,RUB,CUST_501b8d39,CD,0,75.53,CUST_aaedd76a,
8c1578d6-1465-40a9-a127-a6e437b6c1e9,1753221884042,RUB,CUST_e9ad5d06,SK,0,10.19,CUST_3a32782b,
4a5c3872-3500-4f21-9e19-caec5ddf8808,1753221884943,RUB,CUST_3993231c,LV,0,169.46,CUST_d8aebe07,
44806b75-3483-43b8-954e-aa7d5169bcb7,1753221886579,EUR,CUST_54c5ac68,BT,0,45.56,CUST_73de32af,
0202fbb6-ab87-45ab-ab9b-75ebf9cdb76c,1753221889926,RUB,CUST_e51e935f,FR,0,280.89,CUST_6a24c702,
c690e515-00b7-400b-bfee-40e34276a659,1753221891794,RUB,CUST_1e5dd480,BR,0,48.92,CUST_980225db,
8282d76b-8562-4ed0-8b3a-646d0d317481,1753221892480,USD,CUST_1ffe901a,BG,0,102.59,CUST_13f4c769,
006b40a0-1d26-4e8f-bad7-8fdfd8a152d4,1753221908935,EUR,CUST_6a3228d7,MN,0,226.85,CUST_97dbed1f,
ff1d7a36-4847-4366-bd33-77ded45894e6,1753221916918,EUR,CUST_f6df5521,TN,0,133.0,CUST_cbbac02c,
d8f045f2-73e9-4fe1-89f2-7c58cf3be088,1753221918287,EUR,CUST_e3375ac6,BI,0,8.02,CUST_3120c48f,
f5e1c1f2-a4f6-4a4e-a2c7-872f6b3968df,1753221919303,EUR,CUST_6579abf6,AT,0,8727.57,CUST_364341e2,
cfeb4f1d-13c7-4ba1-af32-54e946f3a7b6,1753221927136,USD,CUST_d11d794a,GH,0,38.5,CUST_e17d4dab,
2f54b785-b3c6-42cb-8be3-74f0037249ac,1753221937331,EUR,CUST_43385fae,CF,0,136.51,CUST_e4aa056a,
48bf85cc-e6a8-49b8-885d-c1af998c4a04,1753221941272,RUB,CUST_be121f82,SB,0,55.71,CUST_4a090ac6,
1e528ed1-5430-48e1-b292-1ebd7430bda6,1753221951311,USD,CUST_135b22e2,MG,0,362.72,CUST_2fb0b1ee,
8981ce3b-134b-4a81-8eb2-88ca3fff2462,1753221956324,RUB,CUST_ea06eed4,AU,0,27.47,CUST_5b50dce3,
62e7cef5-e8aa-4457-89fa-696969ded050,1753221958256,EUR,CUST_fa11d90e,PS,0,59.95,CUST_3599afe5,
3ce2cd07-977d-4c7a-9f4b-295a13d0d8da,1753221964377,RUB,CUST_8fbc75a1,UY,0,900.3,CUST_c4cd1fe6,
9c19bdab-9449-44fa-a76b-af4f39927964,1753221966315,RUB,CUST_38780e12,FI,0,30.04,CUST_96020e31,
c0a62ad8-37a2-45c7-9884-9bd534950548,1753221967465,USD,CUST_f7e308c3,LY,0,115.86,CUST_b28d2e8f,
c221df74-4f3e-4e1b-8660-72277d1040c1,1753221971294,USD,CUST_ac0c31ce,NA,0,18.83,CUST_7c0e9c63,
e7e26fd1-e538-4d52-ac6e-b19f7426f67f,1753221973918,RUB,CUST_432308fa,ZW,0,72.67,CUST_e83d40f7,
a185ee67-986f-4e6e-b445-0dcda9a7d619,1753221979036,EUR,CUST_261a5ec5,FI,0,489.87,CUST_d6d03fa9,
f00e168a-97d7-456e-8059-cf48937b99ef,1753221981145,RUB,CUST_80a6c1c9,MY,0,1155.13,CUST_b31058b8,
2137dade-7cde-43f0-9c2b-fdf3c130416a,1753221984439,RUB,CUST_2b7f165d,NP,0,213.08,CUST_9b0e39d4,
2af60060-b06f-4f60-a730-a2ede0d31488,1753221985846,EUR,CUST_96613257,LI,0,273.66,CUST_0041eb8e,
b7920878-07aa-45d6-9227-c355e71f4c93,1753221986538,EUR,CUST_54b6ab3e,AR,0,273.55,CUST_04683ba7,
e43f6e51-16a1-4853-af41-7758ec822167,1753221990108,USD,CUST_513f6ad9,GH,0,40.24,CUST_211794fc,
19760b0f-9248-4c01-bb80-52c1552c1e65,1753221992843,USD,CUST_8d5a9fe5,NO,0,345.34,CUST_e56667ca,
b2e5ed0f-d630-4d2d-99ed-c01b0274c9c3,1753221994864,RUB,CUST_b7f8d754,CN,0,29.56,CUST_2d39ebb2,
f4b65251-7348-4ddf-bfe8-e6af2a78e305,1753222008777,USD,CUST_89ec221a,CO,0,92.55,CUST_6cdfe3db,
1e78c556-bfd1-4b7d-8436-293267407d3d,1753222010607,USD,CUST_60ee2756,MZ,0,689.98,CUST_28598c29,
d64a6566-aaa1-41f1-a6a6-65240312cafb,1753222011604,USD,CUST_f6e51b41,IS,0,38.64,CUST_5d48700c,
220dffc4-f7e2-4cb5-943e-330fc09ab2ea,1753222017977,EUR,CUST_f0c17a31,RU,0,27.12,CUST_921753cc,
ee3179cc-0050-46e4-9914-27c347c24ffe,1753222020082,RUB,CUST_84737828,TZ,0,157.53,CUST_400c0138,
cc3ba07d-e4e4-4e8d-8b60-cd577b6a45f0,1753222021673,EUR,CUST_f2a94fc3,LS,0,1639.18,CUST_8e570a95,
d2310e2c-ccbf-4dca-aa1a-276cd6d73320,1753222031770,RUB,CUST_419c8f3b,AD,0,431.01,CUST_7d4a3057,
3c7f7c45-2ef4-4a67-af00-8acecc5ce80f,1753222033736,RUB,CUST_e0093fdf,SV,0,61.69,CUST_a28b1fcb,
8f7068b3-7f9e-4b8c-a7b1-cf9f4e2a825f,1753222035403,EUR,CUST_d092e2a2,AO,0,143.12,CUST_180ebc49,
37c47183-421a-4c25-a836-04c1afe69770,1753222036401,RUB,CUST_158f68d4,IS,0,96.2,CUST_3d6f3bcd,
7ce9e1af-05bb-4ba9-98b3-ba3e5c1b7e78,1753222038232,RUB,CUST_46a27ea0,LT,0,95.01,CUST_f87fff7f,
439c35bc-20e2-4031-9316-a8d75f8b8557,1753222041967,USD,CUST_736e8413,KW,0,32.31,CUST_765aa8b1,
7e727f12-b4ed-4f3f-9252-1b56dee21556,1753222044969,EUR,CUST_b48ff1d5,MT,0,106.32,CUST_33590b5b,
1b25e856-396d-4c7f-a781-87b87f2b509f,1753222048313,RUB,CUST_6a8f15f4,LY,0,204.28,CUST_bf14d8d5,
243dd57d-4f88-432d-b306-7b4e943b60ba,1753222056983,USD,CUST_fa0fbf71,RS,0,25.16,CUST_4ba4fea5,
807b5373-165b-4d80-8d54-8b4dd49d2dd3,1753222059170,RUB,CUST_22424e69,IQ,0,126.2,CUST_603e0ae0,
de675030-fef6-4b98-b484-3c6854bebd08,1753222059828,EUR,CUST_19d7eb37,TW,0,87.34,CUST_8b5388f2,
667cd773-362e-476d-b1b8-57ac316d3ebd,1753222061030,EUR,CUST_5af06136,ML,0,430.82,CUST_6649af8e,
6c24f68c-91af-4b88-b93d-16aab2a2857c,1753222064896,USD,CUST_64eade00,AL,0,143.6,CUST_4e7119a6,
50eea8e8-6149-4980-a9ab-2238677e86fe,1753222066163,USD,CUST_8f3a8f40,MZ,0,15.39,CUST_6483938c,
61226fdf-ad02-42ae-b16d-1e751d8c314f,1753222074373,EUR,CUST_f2e5b7ff,EC,0,135.58,CUST_35971ad8,
85578f3a-0628-4c09-b5a6-a4286f0efc0b,1753222078181,RUB,CUST_5084b878,GD,0,101.35,CUST_c1e1622a,
e4de89ba-9cdb-4820-a8e0-ab0d4a64d646,1753222092094,RUB,CUST_ab849c03,GE,0,204.18,CUST_155df283,
746d3423-434c-4e17-9f04-d14061d9ef6e,1753222093215,EUR,CUST_07a25021,ER,0,84.71,CUST_853e2fcc,
b05fd812-b8dc-4d5b-8d0c-c94e4f486d60,1753222097363,EUR,CUST_f39cd7ae,ML,0,79.63,CUST_55289414,
46f6ba28-82b9-47be-8010-09b56766bb34,1753222101526,EUR,CUST_148831ac,AF,0,48.63,CUST_ca89cc8e,
a4e8d36a-e807-4454-af98-ed90c0e01584,1753222107142,RUB,CUST_cf06e174,NL,1,10.89,SUSP_RECUR_3bbff,recurring
fc8311e0-d166-4023-9524-46eaa0b5d576,1753222107861,EUR,CUST_a1f1f771,AF,0,463.35,CUST_36922a56,
4f5809f7-4a2f-4d91-89b6-d05385cfa1db,1753222108501,EUR,CUST_e543e49c,LS,0,790.44,CUST_8ad2a486,
b3a3e9fe-6938-4196-9d1b-5359685de4a1,1753222110151,EUR,CUST_62030925,ES,0,16.32,CUST_e079397f,
da7ed391-23b0-41d7-b4e0-cd9bfef224d3,1753222111423,EUR,CUST_e76821bd,CV,0,198.44,CUST_5cca614a,
95a04683-3f1e-49e6-a9b7-bd6ab7909c30,1753222114249,RUB,CUST_c06d3912,TZ,0,1566.13,CUST_1b20dad4,
2a282a42-e136-487a-a171-072c532a551b,1753222125451,RUB,CUST_a5e2675a,RS,0,71.78,CUST_14ba74f8,
c55d6de1-6fdd-46b8-96d4-ea4c3817331e,1753222129285,RUB,CUST_1d24f23a,RS,0,253.22,CUST_0e573966,
78bb47ab-a2bf-437c-84ca-069d76e4c934,1753222132826,USD,CUST_0545cf10,HN,1,44.19,SUSP_RECUR_28f90,recurring
9779cc40-ea70-488a-9e0c-8d6737b8faad,1753222135111,RUB,CUST_3d7989d5,EG,0,277.67,CUST_fc67cf04,
59420288-3ff3-43b7-b2f7-2923398a0205,1753222136751,RUB,CUST_a2532826,MH,0,116.23,CUST_efaf6020,
b1dfa7f1-2646-4d16-9b92-de41d940eedb,1753222138744,USD,CUST_9db83a7a,MH,0,99.46,CUST_207c0e4f,
397ba7ed-b4b7-4325-8fc8-6ddf153f0b7f,1753222139388,USD,CUST_a8557775,ML,0,37.95,CUST_3373befd,
0e527cdc-a210-4dca-ad48-1e929451d9e3,1753222145018,RUB,CUST_0498ad1b,DJ,0,30.91,CUST_5e9348d6,
20470835-84a7-4b52-bd06-2cdef8631dd8,1753222145981,RUB,CUST_a367283a,GY,0,950.09,CUST_c101bd25,
af3381a4-ec8c-4d10-80e3-40633b88c418,1753222147107,EUR,CUST_95b00aab,MM,1,31.92,SUSP_RECUR_1fdb2,recurring
90cbd9ab-3cea-425a-b824-a37cdb2c570d,1753222147817,RUB,CUST_2cdc2273,AR,0,713.61,CUST_537fecb9,
6fc35110-7428-4492-a800-53656bb19143,1753222150582,EUR,CUST_30a2cb11,TO,0,11.35,CUST_81f23f58,
bd4e547d-470b-44de-854b-41aa7518cfb4,1753222151218,RUB,CUST_f69106d0,ML,0,7635.97,CUST_0fbfd3f6,
d6768193-b82b-4ac2-8a0a-9203da575697,1753222157148,EUR,CUST_e2eab982,CA,0,128.01,CUST_552d9c1c,
eceb7e93-1574-4e62-aac7-69f67f7374a9,1753222161568,RUB,CUST_b0084b0d,FJ,0,13.73,CUST_098de203,
c6031630-ccce-4749-82ce-80c37cbe7216,1753222162608,RUB,CUST_bcadb5f5,TT,0,54.57,CUST_8c9a2a8f,
be115f15-345a-4437-991d-119535b4196b,1753222172224,EUR,CUST_c2cfb946,BN,0,61.43,CUST_83fa71dc,
f0f6df0d-3209-421e-8c9a-80819440cece,1753222179198,EUR,CUST_2988b897,BY,0,17.98,CUST_cb42bbc3,
eb78c1ff-0ec3-495c-afd3-c024a98e6145,1753222187618,EUR,CUST_5b090c5f,LY,0,70.89,CUST_73026451,
2f3aa577-6b3c-400d-8e42-d2d50203cefa,1753222193309,USD,CUST_e41ea361,RO,0,13.87,CUST_725b807d,
fca02908-8c4d-4dec-bfce-6f31d5076b70,1753222196042,RUB,CUST_be118f4e,TM,0,1099.88,CUST_0d189fe4,
bda3597a-00a1-4bbc-a59c-4c6315714987,1753222197013,EUR,CUST_da980e8a,HT,0,123.09,CUST_3e675a8c,
43d8ab7e-2a99-4faf-9253-67e79adaca3f,1753222198460,RUB,CUST_f5721583,CZ,0,60.99,CUST_b2974502,
ea71157d-f488-450b-87af-9455d890097e,1753222199871,EUR,CUST_7b765e9c,MA,0,22.71,CUST_6bbf4a13,
4664eb50-039c-4831-9227-c7d67d1bb191,1753222201439,EUR,CUST_066e587c,PG,0,174.1,CUST_fd60ac19,
bdfc160c-368f-47be-b8de-1f1285fb9124,1753222202900,EUR,CUST_8a84a2b2,TJ,0,9.45,CUST_f25e42b8,
7af8efca-67a1-4d9a-aa6c-026d2042e1e6,1753222203815,USD,CUST_bf3e7e4b,MM,0,46.57,CUST_b17ae726,
f2ba7ffa-aa75-4683-a394-2701d3912778,1753222206171,EUR,CUST_842089dc,GT,0,74.04,CUST_b3fa4efd,
1699db12-2c4f-4f30-92c2-1708ae46fed8,1753222207354,RUB,CUST_34e9b8f8,SD,0,515.03,CUST_14271bdd,
05f726ea-9399-4175-925c-e2d382f2304a,1753222212711,RUB,CUST_58e44ec2,GH,0,180.8,CUST_a40136e5,
bace6f06-27de-4d1c-ae21-c3b4c96e095c,1753222216009,EUR,CUST_9beddca5,NO,0,113.31,CUST_5e93d409,
9d65bab1-32ea-43fe-b511-d417520370e4,1753222218424,USD,CUST_8e459a02,MD,0,53.54,CUST_81fe1950,
93ba602f-99f7-426b-b297-3b375228f4d0,1753222219639,USD,CUST_63cb08e2,AG,0,95.74,CUST_cff5da99,
bc33fb68-a6d5-4b59-9216-21f9a3d125d6,1753222221546,USD,CUST_081f1705,CO,1,1000.0,SUSP_ROUND_9c926,round
c6e14b78-64b5-45a7-bf6a-20dc40ca2d09,1753222226396,USD,CUST_035eaa8d,GA,0,74.86,CUST_92a94ddd,
1b75dffe-3ff0-4b98-a54b-b33e6dead120,1753222230620,RUB,CUST_ba21507f,PS,0,20.14,CUST_11a92aca,
3a0dda09-adc3-4161-bbf8-95614b2fed86,1753222232342,EUR,CUST_e451ac8a,AZ,0,200.67,CUST_776a211e,
f4514cf8-197e-41f3-93c8-6c4625301233,1753222236593,USD,CUST_3f707bc9,HU,0,547.06,CUST_0677007d,
fa7af380-014e-48ab-9fe4-922df065c73b,1753222241400,USD,CUST_b97cb2b1,NP,0,251.05,CUST_a1a89286,
4ec39422-728d-4e6e-b806-a8629cfdf1b3,1753222243306,EUR,CUST_249c385c,NZ,0,340.58,CUST_8e237e39,
8dc0a27f-64df-4784-b0b2-43d8d8a7a8ef,1753222244883,USD,CUST_5df1cffb,LI,0,25.78,CUST_dcf9cd69,
cb8333d5-a5ec-4055-84db-b9c487dcc6c5,1753222245667,RUB,CUST_2d1ba9b9,ET,0,305.4,CUST_be47efd3,
8638da1d-21ca-4009-9a80-84d230ed0ac4,1753222246860,EUR,CUST_696c0595,GD,0,57.71,CUST_0510d022,
2dae7277-7e6b-46f8-9c9e-880f95666173,1753222248805,EUR,CUST_019d097d,HN,0,5.91,CUST_26bc317c,
28594708-8051-4621-b561-423166d5c907,1753222251496,USD,CUST_d8b5f656,BO,0,524.01,CUST_dee962c9,
dd21ae98-e539-4ae6-8d03-cb3c5276c4b8,1753222253321,RUB,CUST_3f23f7eb,NA,0,135.99,CUST_9a6a5ef6,
b1bc54ae-d50e-4456-a07f-bd9087068fd5,1753222254751,EUR,CUST_6368d72b,US,0,13.46,CUST_121dc6e6,
a0eba296-f421-4a4a-aad9-5af85d6513fd,1753222258180,EUR,CUST_4189dbbe,NO,0,80.41,CUST_f67b4818,
e0bc520b-c449-40d5-b63a-792a38de155f,1753219714824,EUR,CUST_ee713a37,LK,0,82.93,CUST_5dbf4198,
b5f4bcac-352f-4e4c-b895-add04f815f29,1753219717914,RUB,CUST_e962ad6d,MZ,0,23.3,CUST_27c28bef,
8b1dcca8-ea55-47de-b18b-42205b1d37da,1753219719263,RUB,CUST_72c439b3,MZ,0,244.66,CUST_e64ed5a9,
fba29640-96af-46a0-9ee5-4cd12ceb05cf,1753219727671,USD,CUST_f29ccfba,QA,0,6.44,CUST_64d3720d,
c3415378-7647-4cf2-9497-7ad04f0f9609,1753219728748,USD,CUST_b8a0bc31,UA,0,9.95,CUST_e11cfb7d,
caa791b8-a527-4a5a-b51e-9e34333bcde4,1753219730405,EUR,CUST_b38d1a07,TM,0,80.84,CUST_52e2dc6a,
53517499-792a-4d31-94be-7dbfdbb56c6c,1753219733528,RUB,CUST_9921d092,NA,0,14.02,CUST_b9b265e2,
1c094236-d375-4df9-8271-498253e677b8,1753219736899,USD,CUST_060aced8,CH,0,39.05,CUST_cdabf104,
bf5e75c3-b5b6-4659-876c-45f84df94dcb,1753219744860,EUR,CUST_0010085f,SL,0,5.63,CUST_02447a4d,
ffabe5c3-c098-4011-9a5c-fe092c583f27,1753219751175,EUR,CUST_3af8a57d,CF,0,151.81,CUST_b19d7a7c,
d25716a1-e213-4b63-9092-a7c84dafb178,1753219752803,EUR,CUST_e3e9c044,VE,0,15.9,CUST_1f4c5a09,
cac30a65-bfba-4794-9ee3-bf43dd2d67fb,1753219753511,EUR,CUST_c6106f06,SV,0,993.5,CUST_ac5b1a12,
57498fbb-5de4-4025-b7fe-8e6726c5b124,1753219759997,EUR,CUST_9deb078b,CI,0,2419.32,CUST_ad21bf95,
31835967-079d-4278-8f0c-16ac62fdc749,1753219761721,EUR,CUST_c550824b,BY,0,2821.0,CUST_3c4c9b56,
388a1c78-ccc2-4e8d-83d0-8c30e08a75d2,1753219770279,USD,CUST_8dbbac32,YE,0,1382.62,CUST_762501a3,
01c37743-f1ac-4cbb-8cbf-e3b1e7fc6f29,1753219777690,USD,CUST_ad119c9f,NG,0,171.22,CUST_186c3803,
348b5a8f-7b35-4eeb-8ce8-600b6a2a7c24,1753219789786,USD,CUST_57b0fe34,ER,0,19.85,CUST_1406adcd,
c2c31dc7-3535-4ed6-8c64-734bbf17998a,1753219793761,USD,CUST_f03a6af5,SD,0,300.8,CUST_e445dee9,
6d1fa904-6517-4202-8804-163a570abfad,1753219794842,USD,CUST_7cf65fbc,CZ,0,175.11,CUST_5757bae1,
d8128170-86b4-443d-adbd-7893b32cc100,1753219799651,EUR,CUST_479cdba8,ZW,0,347.79,CUST_6939768f,
3ea2cd53-0c76-4773-8f54-5993bdbe37e1,1753219808522,USD,CUST_afb74118,SN,0,26.04,CUST_3fc81dd1,
15fc1b20-d80e-48ab-a208-02abb37f6354,1753219809731,USD,CUST_aa2f8825,BZ,0,4530.0,CUST_68b55303,
d42939d6-fea9-41bf-beac-35af63a97eb9,1753219810289,EUR,CUST_f5493b3a,IQ,0,496.78,CUST_ef7a563b,
f9ac6646-861b-4733-8388-3a3bae88928f,1753219810812,USD,CUST_a2ab4f7d,MW,0,246.92,CUST_3e5876dd,
dc186f20-7689-4223-a4de-6038f5bf1229,1753219812778,USD,CUST_2238f105,JO,0,78.3,CUST_99d484cb,
9eb96d8e-c20d-4f63-8642-b8bfd72551e1,1753219814152,RUB,CUST_092ad238,GR,0,263.84,CUST_5550a13b,
87366452-6ad8-47c6-b8fe-ee114679dc4f,1753219817451,USD,CUST_a0388c8a,FM,0,714.06,CUST_618fc0c4,
c7e8f882-1e0a-4980-a0d7-01ec566490a8,1753219819050,EUR,CUST_1614de2f,UG,0,191.1,CUST_3cb4eeb9,
20abd2d9-6b27-4cd5-b92a-63bc848f08e7,1753219819970,RUB,CUST_36997927,ZM,0,16.27,CUST_a24234a7,
28040a49-b364-43bc-8fc1-9e3dc5a45881,1753219820541,USD,CUST_669b528c,LB,0,41.49,CUST_d061c53d,
1633ce84-969f-46a6-867c-f0e4f654ba14,1753219826034,RUB,CUST_ad2cbbbf,PW,0,171.0,CUST_7efc6ca5,
d6ed0775-5f24-40ac-9e4a-6947a0492f73,1753219831914,RUB,CUST_d7e465ec,BS,0,37.54,CUST_f84e336c,
b5c67acb-6567-4f15-a9ba-bd8aaf570d55,1753219837421,EUR,CUST_e80c1014,SC,0,10.7,CUST_ba59bd4a,
8c9c33da-98fb-413e-a07c-b038d28b1961,1753219841975,RUB,CUST_4cc754c3,LT,0,588.96,CUST_2853c9d4,
2efde1f3-8099-442a-b4a8-dfebc716fa67,1753219846733,RUB,CUST_d6be2d75,SE,0,595.32,CUST_7b747520,
8bc2ae7f-c8d9-414f-aae4-1ddc6d22fb14,1753219848272,USD,CUST_f21f92a1,ET,0,422.56,CUST_39207c45,
a25db88b-4026-47a5-bade-a63614163e98,1753219849575,USD,CUST_0ff19fe4,EE,0,11.58,CUST_f90ecd8d,
5a1e598b-496d-44c7-93a4-52fd7bfd21a6,1753219851745,EUR,CUST_6bde9253,KH,0,377.52,CUST_23d49300,
399b11e6-3eed-4608-94fd-f2f5f47e57d9,1753219853667,EUR,CUST_2b09c827,KH,0,778.79,CUST_59c67953,
d68af14a-1888-4a19-b76d-720ca0e6705b,1753219856889,USD,CUST_eaeadeec,ES,0,542.02,CUST_bf66edfc,
df53ff9c-3b9c-40cd-935b-af6c8c3f9d73,1753219860073,RUB,CUST_4efab0c3,SB,0,141.74,CUST_d6e84de7,
be7bbf8d-9068-4a7d-a000-c987991c18d1,1753219864320,EUR,CUST_ecc48993,CG,0,132.46,CUST_9c65e566,
d20acd06-48ea-4e7c-91ca-e2da008b2611,1753219866774,RUB,CUST_dadf707e,BS,0,244.01,CUST_e7de04fd,
151fe163-97bd-4725-a1d7-95848932c159,1753219872424,RUB,CUST_17cbfc17,SZ,0,80.53,CUST_ef5f90f8,
b4590a2a-009d-4b5c-a330-0faaea787e80,1753219873625,USD,CUST_c541f6e0,EE,0,5819.28,CUST_5206bb20,
0413db40-5c5d-4362-a2f4-6bf4a258dd35,1753219874239,USD,CUST_58fd2c59,MM,0,1956.37,CUST_adbc79c6,
37f7168d-bbfb-4364-82c4-2b37a15e3a88,1753219875295,USD,CUST_b4f498d9,ML,0,385.04,CUST_085481d6,
a8586e91-2d12-40f3-a307-31f4d94fb71b,1753219880307,EUR,CUST_3eef49b8,SB,0,144.92,CUST_746b15d5,
6ee38524-4077-4283-b255-a2013e0f9a44,1753219883001,USD,CUST_a59dcba0,GW,0,288.19,CUST_a8b9482b,
6cd51501-326a-4129-aa88-22d9ffca9afc,1753219895475,RUB,CUST_9deb1c55,SM,0,584.88,CUST_56e9a11c,
b77f758a-679f-42b5-a6ea-d8bfcb714343,1753219897020,EUR,CUST_9201fbc1,SI,0,128.35,CUST_b4dfa1b0,
8060c8fb-139c-42f4-aa01-8a72f0651232,1753219900863,USD,CUST_1c2495ce,KM,0,75.43,CUST_fb64177f,
3e5903de-010a-4c2b-8211-cabdbfde4299,1753219910348,RUB,CUST_cb3ef846,DK,0,75.0,CUST_7c9c4e92,
6db50e46-481e-4d9d-a9aa-7b39c6f64a04,1753219912024,USD,CUST_d95d4c06,MN,0,1135.77,CUST_97cba3ac,
f939b28f-b563-4971-b3f8-c4a455a079c1,1753219913017,RUB,CUST_52dad198,KP,0,755.43,CUST_1ca5f60c,
646198ad-319d-4552-b24f-04253a5f72b0,1753219919511,EUR,CUST_d12ab035,TM,0,232.78,CUST_00d33a9f,
af53efcf-f9b9-4740-827a-76c7244e9b19,1753219923284,RUB,CUST_339e0e78,GM,0,368.43,CUST_dd082444,
2ffbdeaf-d28d-4aad-816c-aa6fbcf760f7,1753219925997,RUB,CUST_e08a1ba5,CU,0,48.19,CUST_816555ad,
78ad1065-f982-4df6-8d74-d6e8aead17cc,1753219927157,USD,CUST_5823e263,TR,0,96.37,CUST_4bd85dc8,
2eb1b701-473c-46fd-a0e6-f792197068ae,1753219937880,EUR,CUST_4330d41d,MZ,0,12.45,CUST_06ec9bb2,
cb0b6b9c-0aa0-446d-8a2b-c785a7e121f5,1753219944698,EUR,CUST_cde726ba,TV,0,1474.23,CUST_2253ed08,
a8ebd0c7-dcaf-4459-9643-ce44f6b3b2be,1753219946897,EUR,CUST_dc05e986,SM,0,88.0,CUST_92ca4cb3,
68ddaccf-486c-4473-a335-7858c33513d5,1753219947551,RUB,CUST_bc805057,BE,0,5874.26,CUST_9cbabd8e,
192e543f-7384-4d93-ad01-029dc685c515,1753219951888,EUR,CUST_a22b3dbb,MD,0,194.42,CUST_111195e8,
2bc099e9-225f-42d7-9c0c-5fc1d3b48820,1753219952705,EUR,CUST_5531afc0,MM,0,72.19,CUST_453c9c9e,
a7f60957-fda2-46ab-afb3-d8b6c421a13d,1753219956126,EUR,CUST_4579abf4,LS,0,14.46,CUST_b0fe404c,
4bbf76a1-d414-4bd3-ba1e-88df3ba34fc4,1753219960044,RUB,CUST_55db07c9,BO,0,980.31,CUST_856e5892,
4dd4a2e4-6bde-4956-8b6f-07e70768550d,1753219961436,EUR,CUST_06cf85c8,MU,0,213.43,CUST_ccb059b6,
65090ff7-555f-40f9-807b-3bc115b97b4e,1753219967524,USD,CUST_a7b869df,DE,0,238.79,CUST_b2cdec25,
2f50c9b1-7780-4fc4-a15f-3d020e9d59e1,1753219971681,USD,CUST_e472fedd,ZM,0,44.55,CUST_a2b02667,
d9bec3ea-e4c2-437e-b11c-b870a17db72c,1753219976921,RUB,CUST_77db43ba,EE,0,27.76,CUST_1ef96417,
efeebc1a-44be-406f-8f1b-08ed6cb85fb8,1753219983437,EUR,CUST_be160147,MV,0,522.92,CUST_6bb9ad1a,
530c4c76-30fb-4281-95a4-5e06febc6186,1753219984181,RUB,CUST_b2f00f61,GN,0,735.97,CUST_0020ef12,
c150d524-7dbd-4dda-b09a-177be973b42b,1753219989026,RUB,CUST_ef47b282,JP,0,446.93,CUST_1f737e1a,
344115d1-fd91-4a9e-a054-8b5a2b064a6c,1753219998344,RUB,CUST_ba1c9b91,IL,0,122.06,CUST_6022a47a,
e8e753c6-61db-4642-83fb-a8fa888bb04d,1753220000807,RUB,CUST_9243bf17,GD,0,133.09,CUST_a23f548f,
4f1cf1fc-6d73-490b-8f37-f33b3e45e95c,1753220002807,USD,CUST_eba155a1,LY,0,198.65,CUST_7ac9c554,
56128b7e-6dc5-4c50-ad5c-76a4e6567710,1753220005829,RUB,CUST_4920caf8,NR,0,633.22,CUST_add94dc2,
d0cf0fd8-a773-4d0f-8565-f1f95f4e205c,1753220011098,EUR,CUST_bd0cac61,ID,0,3798.81,CUST_d9ceb244,
0527815d-b371-45f5-9fb9-9432da1b0bdb,1753220019394,RUB,CUST_3ab9f0fb,BO,0,161.96,CUST_7eea0952,
f74be47b-fa99-490d-8459-3b7a365ea644,1753220021268,RUB,CUST_c57907d4,GA,0,936.23,CUST_3b8e940c,
96035643-66d1-4ff3-9aeb-52d862bb5698,1753220024731,RUB,CUST_ea682f49,SV,0,126.39,CUST_fa5d1f41,
3fd94c2f-ff24-4a12-bba8-46443e1ebfca,1753220029215,USD,CUST_57ad6c6d,LR,0,154.5,CUST_5ca7e1bd,
c8f18a69-d301-43fd-88e5-edd30eff7916,1753220034885,EUR,CUST_da2a476b,CA,0,6174.8,CUST_1dcda80b,
9f1b1bd1-e2b7-4a66-a72c-532aa58cecdd,1753220036772,RUB,CUST_f82c90f1,DO,0,2265.78,CUST_31430c4e,
9f3d520b-9c2c-439f-b15f-04c78a89d3b7,1753220038039,EUR,CUST_29110a9d,KH,0,360.7,CUST_4b6ec78b,
07432782-d904-4f77-aa99-2fa31cc9a772,1753220043218,RUB,CUST_6da77e9a,GB,0,21.03,CUST_396bbc01,
82ae299a-a796-44bf-a865-8c91877f8fe1,1753220054958,EUR,CUST_3dd2aa30,LK,0,174.99,CUST_780b39db,
b8f73ff6-62ed-48f1-9cce-66ebadee7291,1753220057281,EUR,CUST_59d48809,DJ,0,591.55,CUST_2bde38f6,
184824ab-dbc9-4151-916e-118622dbc3a7,1753220059138,USD,CUST_3fd12636,AD,0,20.7,CUST_6c10d60d,
3f859aec-543f-49ce-95b0-cdc06876caaa,1753220062210,RUB,CUST_ec62ef51,JO,0,39.62,CUST_214260c9,
998da8fd-76ff-44dd-811e-7a15cff68631,1753220067650,EUR,CUST_af2f6049,HN,0,33.02,CUST_e7bdbc49,
248a6ba1-f0d4-467e-985c-57cea0b999d8,1753220070655,RUB,CUST_b2bddab5,MY,0,227.94,CUST_5d3bf2fa,
1fa24b18-882f-4752-a1f3-06b4674ae4c2,1753220072874,RUB,CUST_7140b7a0,SE,0,708.86,CUST_41b1b94a,
bc2d332a-f7cb-440d-b8e6-3f70f56bd2dd,1753220073849,EUR,CUST_5aeebcff,BA,0,78.44,CUST_63e09aca,
d75f1f62-badb-4d2b-b334-873bf5f6f0c2,1753220075192,RUB,CUST_732607c5,NE,0,1200.82,CUST_d077200f,
0f70827e-3d21-4559-ba25-c3844fc8be94,1753220076933,EUR,CUST_3b62385b,GM,0,56.67,CUST_1126b702,
f07c4a08-ae6b-4b96-bdca-f8268ebd8e8d,1753220080564,USD,CUST_30d1d70e,WS,0,231.38,CUST_3b67b482,
7033c0ed-05a5-46e6-8355-18e42ae704d5,1753220082137,RUB,CUST_555c6479,SV,0,712.79,CUST_02575f20,
2cd2e63b-1a85-4b40-b3d8-37baf4a2574a,1753220083708,RUB,CUST_9137302f,ER,0,151.56,CUST_b77d06a7,
54ebcf24-3e09-4d8f-bde9-44affcce8aac,1753220086824,EUR,CUST_8bd722af,KP,0,771.85,CUST_1a75e4ec,
bc38a07c-b2aa-4c4b-8606-47394c58e5e4,1753220092565,EUR,CUST_65ce7e7a,LI,0,95.12,CUST_8cd2148b,
9fd16040-3f2d-44d5-86c7-fa81872735c4,1753220097017,USD,CUST_25409f5a,MV,0,12.04,CUST_0fb243fa,
a0598a0c-2ec5-4460-89bd-539ff99aa62f,1753220098524,USD,CUST_b710df93,AR,0,153.35,CUST_196c2c6a,
b9827afd-d46b-463d-8735-4b179fe6775d,1753220101804,USD,CUST_8b288dfd,CM,0,533.06,CUST_1122dde7,
3409b940-367e-4424-920d-dc4abee8297d,1753220105066,USD,CUST_68c0603e,MT,0,970.96,CUST_19b84d26,
dfe13160-c345-48c3-8c65-07a1cda904da,1753220110080,RUB,CUST_7bbfb5f4,UA,0,59.94,CUST_036bf437,
bc35ab5c-251a-4310-93b6-fc784ea08be6,1753220110624,USD,CUST_61b18871,KI,0,840.64,CUST_670995de,
1f387a4f-0fb7-4cdf-847c-070371e834de,1753220113073,EUR,CUST_bdfdf87d,RW,0,428.79,CUST_a2a1b8bb,
ca19409d-682f-433a-9201-dec78a7c1af9,1753220116446,USD,CUST_d029391d,PW,0,164.36,CUST_cb7a2286,
8a584926-3f13-47ee-aeb3-46ca8b9428e3,1753220127587,EUR,CUST_6d644b6b,IT,0,119.52,CUST_36d9fb64,
d9e8a954-37f9-4ef6-8fa2-6a564b4f9223,1753220129144,EUR,CUST_ce2852c8,BN,0,65.44,CUST_59e75216,
8b0feca6-ef21-4abc-a1f6-04aa909aee0d,1753220130599,RUB,CUST_ee4b7987,BT,1,928.96,SUSP_SPLIT_be490,split
06c39030-0e85-406f-b894-10986defd6b6,1753220139797,USD,CUST_5a0cf666,UG,0,234.33,CUST_8bcf2523,
64e0e235-ea34-4f3b-b771-ec056b3f3366,1753220143165,EUR,CUST_76835566,AL,0,258.17,CUST_45bdbffb,
cd5c748b-e733-49e5-bcb7-f6d39464ef5b,1753220148565,USD,CUST_235441a7,IS,0,4743.16,CUST_3945e4cd,
dbd31c2a-ab3b-4186-ac21-5ca553a53f64,1753220150306,USD,CUST_4118487b,JO,0,1392.68,CUST_0557bdca,
509ac5ad-d6b2-46ba-9a26-4cd7e10ad75e,1753220154787,RUB,CUST_e8169f9c,RO,0,97.47,CUST_a9e30031,
9b961860-aba5-4b45-b23f-e16be42ffda1,1753220156166,EUR,CUST_5d5443c5,SN,0,905.09,CUST_52c59210,
32cad48e-b3d4-49ea-b3af-3a742aa1b596,1753220156741,RUB,CUST_3d9be40f,BY,0,450.59,CUST_3ddda02a,
79cca451-f5d5-4766-b1f5-974735175b5b,1753220162649,EUR,CUST_a80146ac,SM,0,23.67,CUST_1cd9ce81,
6b0d73d8-e068-416e-a58f-7e81f5aa40f0,1753220164449,EUR,CUST_d7aebd39,MV,0,70.93,CUST_cf7b8d48,
2a30f9a0-3c9a-4695-bc08-e9e28468ce2a,1753220173141,EUR,CUST_96b4f57e,LS,0,1016.66,CUST_3d422096,
cd5780c1-8f63-4b2e-b70e-5159b020487c,1753220178326,RUB,CUST_e711469f,KH,0,178.28,CUST_1e1a1170,
03b10ebf-db35-4454-b149-13f0b3f6de15,1753220182353,USD,CUST_667d274c,TL,0,136.02,CUST_46034ff0,
d9e4fc55-acf5-4ef1-87ec-a304d9a63f64,1753220183885,USD,CUST_0af08e0e,FI,0,24.86,CUST_5c1dc2ed,
07865df2-3471-484d-ae44-e5793b4bb42a,1753220185459,RUB,CUST_baaafe6f,NR,0,1206.35,CUST_37687e56,
cb644d48-ca7b-4d6d-9237-72ed0c7e82ec,1753220186341,RUB,CUST_c96afb21,TD,0,455.86,CUST_50dc839e,
53d66f73-7236-435c-aea2-56c6a073a5b4,1753220191726,RUB,CUST_00d6e99b,DZ,0,5.05,CUST_8e34b504,
4b95c437-730c-4288-94cf-62100e94754a,1753220196052,RUB,CUST_f8a1223f,PK,0,77.72,CUST_ebc25bcf,
ffa3d83c-750e-4c26-8420-59465c046d9a,1753220211885,USD,CUST_ffe6e64e,AZ,0,33.64,CUST_b0ae13f4,
178b338c-a6a5-442a-8b5b-e9bc458ede27,1753220213262,EUR,CUST_880e1338,LK,0,80.11,CUST_3e906982,
e64748ce-c30e-4f33-9822-39d05fbfbd62,1753220214443,USD,CUST_3c17c540,NZ,0,2073.67,CUST_2fc6875d,
355f4401-bafb-4851-aaac-f329c3687cd7,1753220222729,USD,CUST_22229f90,RW,0,301.66,CUST_a23bf133,
48019106-9962-4b79-a1f8-cc271ef5ce4d,1753220224625,RUB,CUST_2830de32,PH,0,1091.12,CUST_33c94b3e,
d8541831-43a1-4f08-ab9a-3d7acf73e1e2,1753220232413,RUB,CUST_b988f355,PK,0,101.43,CUST_43ae9165,
3680c858-6222-4755-829a-78fd4523f29c,1753220235626,RUB,CUST_f954fc4e,DJ,0,22.69,CUST_248ebc06,
9f068cf7-675f-4afa-972b-091ae310e61d,1753220251049,USD,CUST_806045f2,GY,0,54.26,CUST_f55c07f2,
2e6996b0-210e-425b-9649-8c11f2983eeb,1753220252479,USD,CUST_a1ea2687,KR,0,206.43,CUST_8310f46c,
c35554ae-84bc-4d05-9c6e-cb5f43cf5e82,1753220253400,EUR,CUST_dac99ad4,KP,0,244.74,CUST_83e7f55b,
60cd18d9-eef5-4d36-ae8e-2492f499c556,1753220256049,RUB,CUST_13c52630,CZ,0,3788.17,CUST_82036836,
504e05de-046a-4bda-8949-76e25361526e,1753220260114,EUR,CUST_4572f434,DE,0,126.24,CUST_605e94cd,
4b20fd9f-c742-4c0a-a48b-26ecc6fc0cc9,1753220261276,EUR,CUST_89dbb51c,WS,0,189.87,CUST_76e550a9,
6b3657ad-4a78-4f85-a47e-c282d34440ee,1753220265480,RUB,CUST_c41f6881,SK,0,41.37,CUST_db2a19f2,
7a2e8cb9-8470-4769-89af-37a50b1a50ca,1753220267697,EUR,CUST_36c3081e,PS,0,91.13,CUST_eced3e34,
8566674a-74a9-47ad-a6cb-4c98c711437c,1753220271147,EUR,CUST_3ec7c403,BI,0,45.24,CUST_c9f373aa,
ade6eaec-f988-47c8-82e7-bc9874064e30,1753220272842,USD,CUST_4ed94aa5,TJ,0,268.1,CUST_f8c5ace3,
b0d605fe-47ab-4b97-a60d-ada8a4c745c0,1753220274460,RUB,CUST_33da4ed5,BO,0,460.83,CUST_1afb3ed2,
d29e58f0-4a06-49bc-b84c-238ec8ea9188,1753220277264,EUR,CUST_599f34e0,PG,0,13.11,CUST_fa52c7ab,
001aa0b2-35ed-41f5-a392-4e0eb7bfea47,1753220284475,USD,CUST_69e6ebae,FR,0,105.18,CUST_2ece2296,
ab9174bf-7b3e-4910-a294-c67f2965f1d8,1753220285334,USD,CUST_bef3f6e2,AZ,0,6.08,CUST_eb8d3838,
a554767a-3ed1-46d0-9725-e1f58508833d,1753220288220,EUR,CUST_2ea47f9c,AD,0,85.1,CUST_8137116e,
461244d4-ba02-4cb0-b215-b44a4bad4d04,1753220288838,USD,CUST_46387fcf,RS,0,59.07,CUST_1eebebaa,
820102f1-25a2-414f-ac48-c6d0721e3edd,1753220289942,EUR,CUST_4bad124f,KP,0,417.02,CUST_9649dff9,
b664b26e-e427-4c2b-a1ef-a63934d70894,1753220294825,USD,CUST_9625c5d4,IR,0,486.16,CUST_4ea56dd1,
fdf0322b-4435-4a97-93aa-afadb410c76e,1753220298226,EUR,CUST_83eb1b42,DM,0,65.47,CUST_eb7750d4,
28e58026-8164-4110-ad7e-23a50e4a7214,1753220299105,USD,CUST_63edf778,WS,0,107.1,CUST_596e74ad,
229847e1-51c2-4607-b088-11ff26e4e00f,1753220308806,USD,CUST_a59e0a4a,KH,0,797.51,CUST_71b30cfc,
fbdd15be-2c7f-4abe-91da-385003a9cde5,1753220310687,RUB,CUST_368f50ed,ER,0,1779.07,CUST_b9833646,
eb304b20-5726-4d7b-a3db-fb1feae1810f,1753220312605,RUB,CUST_9ed7ea92,HU,0,82.61,CUST_b344e512,
18cbd408-d21e-4b4b-82a5-dcab1bbe2e2d,1753220318832,USD,CUST_95d2d0a9,HU,0,695.96,CUST_4a017405,
5bd80da7-8ace-46fb-889e-3e9c4c58ad80,1753220320597,EUR,CUST_8054f3b7,DM,0,53.92,CUST_f2fec53d,
8fd8140c-5c76-4b78-8161-c80d2774d16b,1753220321411,RUB,CUST_0d9c1d55,DJ,0,54.25,CUST_2caf0854,
a03f2f35-b4f2-4089-b3f1-6646cd6ad27b,1753220322728,USD,CUST_7dcc63db,ML,0,607.47,CUST_a94397fc,
c37a672f-7904-42bf-bf14-8448947bfd83,1753220324740,RUB,CUST_15d2dc41,MW,0,200.67,CUST_aa9e6017,
819bdd6a-96f2-4233-bf7b-b56da075e2da,1753220331814,USD,CUST_7443f078,LV,0,180.41,CUST_daa1eda5,
9fa81660-cac4-4899-8c03-28f3ebd58eae,1753220335887,EUR,CUST_e1dd98ab,FR,0,63.62,CUST_38954e16,
5cfdd7d3-ce54-4c0a-a255-dacc2daf69eb,1753220336700,RUB,CUST_6485e59b,CF,0,63.58,CUST_ca7f0d13,
80e45af5-75c5-4821-97d4-90e91029b481,1753220342090,EUR,CUST_b562be23,SN,0,39.45,CUST_40d27e93,
19b321f0-6e1f-47fd-b2ff-38f2b417abd0,1753220349008,USD,CUST_3773fbb9,CI,0,159.49,CUST_49eec9d6,
ae2d57cd-da83-4301-8dbb-389b241d4127,1753220351191,RUB,CUST_8c3d8f57,PH,0,57.64,CUST_80987c6b,
b6e605e9-7fed-42c0-aa5c-31b631567be9,1753220362429,USD,CUST_9423dead,PG,0,54.13,CUST_238d4b77,
f7821c3d-9db8-4f71-829e-8d4cb6489155,1753220367896,EUR,CUST_a855a02f,BT,0,277.04,CUST_3083944e,
fc62c1a4-2ebe-473a-9d12-857eae357a34,1753220378425,RUB,CUST_0d7f1ea2,ZM,0,2493.95,CUST_2472c385,
a136e0fb-4ec8-4efb-909c-48bb05bb647b,1753220379867,RUB,CUST_ab719d55,BF,0,291.64,CUST_b5c685e1,
f3261d19-068d-4697-8beb-dd33ea267064,1753220387544,EUR,CUST_7aa8ebd7,PA,0,829.84,CUST_15f73da0,
86b665e4-019f-433b-a9f1-ca3855d179c8,1753220391417,USD,CUST_d3d09633,TM,0,69.92,CUST_b7cdfd10,
fc2c7153-3647-4339-87eb-4c95b7b8a758,1753220394332,USD,CUST_4f9abbb0,SY,0,9279.01,CUST_c195a1d7,
95065f59-27bd-48fa-aa96-69af87f19d45,1753220395499,EUR,CUST_5d047eac,BA,0,575.0,CUST_374752e0,
0c518010-710f-4484-86f3-81664a78b22d,1753220402237,RUB,CUST_ed8e418e,PT,0,161.4,CUST_a3129b49,
6b44c35d-ec0d-427d-b7ee-0d8dbd83d78e,1753220406905,RUB,CUST_705bc367,BT,0,252.12,CUST_61f46bd3,
024b4dda-4c99-4280-a7dd-509dd1cb869f,1753220409475,RUB,CUST_00495cbd,GE,0,1601.91,CUST_8fd3138e,
9d39ffee-ee86-4520-93cd-ee906b3f6165,1753220410164,EUR,CUST_26d27a9e,KN,0,370.31,CUST_02dda2ea,
2f549771-ccab-41f7-933c-b6fe9e080ab5,1753220415418,RUB,CUST_0818e033,SZ,0,449.7,CUST_bbb76cb8,
32e58824-aaec-4523-9237-bb812589ca41,1753220417206,EUR,CUST_9b8aa315,FI,0,26.93,CUST_ed762828,
89907b8d-6a21-4407-b9ec-60af896e9ea9,1753220418914,RUB,CUST_d7b34546,BN,0,1178.1,CUST_8c8b7b96,
f18b3b5d-3d30-4579-baf2-a0dc9f13b09b,1753220420761,USD,CUST_6b4d7c8b,LK,0,27.51,CUST_22b81167,
d7422206-1fb5-4570-841a-0b7e2855c3b0,1753220424396,RUB,CUST_e8b64f1f,CV,0,54.57,CUST_051d1123,
ec29b407-e8ce-482b-ad43-365fbd5d29f3,1753220429012,USD,CUST_c5da5661,KM,0,138.43,CUST_a84f1b93,
35b16498-91a3-4a39-b9d8-b78fc463ff10,1753220430361,USD,CUST_cd06ad20,MZ,0,49.79,CUST_cbfeb320,
bd8f8751-d9ea-4f2b-bba2-a617ea73706e,1753220431837,RUB,CUST_eccc0d85,MT,1,49.0,SUSP_RECUR_db3a5,recurring
26fda1be-2912-4412-ae0e-fbc12fb4fc53,1753220440285,USD,CUST_fa2359ad,GW,0,39.68,CUST_5c805189,
137984f0-3eb9-4af9-9ce7-4c84371f1110,1753220442880,EUR,CUST_ffcd32b2,JP,0,710.48,CUST_f604eed8,
e948fefe-914e-4cd8-add6-c8b20f94ef4c,1753220448712,USD,CUST_86d072a1,AL,0,889.87,CUST_e2c3cb3a,
f575b341-3517-4f36-9658-c1124ecba6ec,1753220450516,RUB,CUST_cad1806a,KP,0,257.92,CUST_1ddda97f,
b26b39ee-4a5e-4f26-b44f-7e444695ba1e,1753220453542,RUB,CUST_8155998f,ES,0,551.01,CUST_d516a8a9,
997fc5e6-0a46-43ca-b5c1-27b74d5e227e,1753220457992,RUB,CUST_d6ce1262,LA,0,6282.11,CUST_81ed4e0c,
7d6df68f-6e8f-4350-9ca4-6390337c1936,1753220458558,RUB,CUST_2bb130ea,MC,0,11.63,CUST_3a14a672,
677b53b6-0ca8-452d-b65d-7974e0c90b08,1753220461275,USD,CUST_53de53bf,SE,0,181.69,CUST_3170516f,
a15fbb60-8c03-4f19-bfb8-97c162095c15,1753220464915,USD,CUST_c36c4b76,TW,0,240.15,CUST_ca062a7b,
2097606b-0eed-4c5b-bd22-b28b68b2cebb,1753220468352,USD,CUST_170f08b7,CY,0,601.08,CUST_6dd0f602,
a665a086-3d3f-4d43-bb6e-d1012b39762a,1753220469161,EUR,CUST_d87d0312,ER,0,322.08,CUST_93572603,
67fe3519-d5f8-41cb-8a5b-5767af47b7d2,1753220479020,USD,CUST_9f8128d9,KP,0,53.21,CUST_c48136d7,
641c7608-e590-4919-9dcb-d0f6437eb6a1,1753220481947,RUB,CUST_9f639e35,EE,0,90.58,CUST_3a5bf71f,
dd05014d-acf0-45b5-9437-ed669b322fbc,1753220486237,USD,CUST_2dfadd24,GE,0,1223.05,CUST_54755a3f,
f9bbcf74-1846-4b1f-b815-9df783754df9,1753220487140,USD,CUST_39d28697,DE,0,702.54,CUST_52400fe3,
eccbb0ce-3c7d-435b-b718-9c064b957fc3,1753220488523,USD,CUST_69177ab2,KW,0,99.66,CUST_3106e110,
57ed5a47-b070-4e6a-aaa0-85fd7cd408e1,1753220492378,USD,CUST_cdb8032c,FR,0,21.86,CUST_6eef6ec5,
f6e17a3d-5444-4d4b-a930-86895c094778,1753220494746,EUR,CUST_f1216b75,SB,0,77.0,CUST_1a0cfaac,
91048dee-89e9-478d-8d22-a44868fa85ae,1753220495824,EUR,CUST_597783f5,PW,0,227.36,CUST_f76bff36,
6c048da0-1572-44aa-9dc6-19c5c8cc317e,1753220503541,EUR,CUST_5b79e72c,AU,0,22.24,CUST_bbdb78ad,
3308e36e-df02-4da7-94d4-948a6f1a97c6,1753220504464,USD,CUST_96af3fe3,NE,0,102.84,CUST_7581eff8,
e2580733-d84a-4790-989c-3b9727b53f07,1753220505788,USD,CUST_be68555c,MN,0,318.58,CUST_8cbd8253,
48c3502e-12ff-4376-925b-fd78325649e5,1753220510600,EUR,CUST_6a08e466,AM,0,65.66,CUST_4cee86bd,
a61a51b8-11a6-4f19-8f96-0a8abb89b2b3,1753220512402,USD,CUST_5fde2b48,KW,0,2447.61,CUST_a3ce7917,
355d40f0-e340-46a1-88a2-afe4f968809e,1753220513035,USD,CUST_99061f13,BB,0,14.22,CUST_e8815e58,
e5885d69-a121-42c1-b5cc-f667c4d09793,1753220516282,RUB,CUST_ae3265c8,RW,0,68.82,CUST_25bc2a3d,
972227e5-36cf-41a0-8f48-67613bffa916,1753220519486,USD,CUST_a820623a,ID,0,102.89,CUST_0e50573f,
7785efb0-2288-46db-9799-cf0deb0b84e2,1753220521335,USD,CUST_4a52d9ae,LI,0,33.14,CUST_78fa2553,
aebd0682-256e-491a-9fa4-f008bdeb9ae1,1753220522916,USD,CUST_70b2b943,CU,0,82.62,CUST_5d19d26c,
3500cd65-9418-4b90-95ec-c08cce9343b3,1753220525296,USD,CUST_1343d5a6,SZ,0,98.12,CUST_992fc1f1,
59fc4c5b-6d64-4a70-b3bf-8feefa8f2d56,1753220526571,USD,CUST_cd6c6e4f,IN,0,196.36,CUST_bb067d85,
6b8bc417-f3d7-4a86-ad93-c5e4cc985e63,1753220528553,USD,CUST_5fc4ea38,KI,0,64.81,CUST_3414180d,
b8fc3aa7-2832-42e3-a9bb-4a57029d65ae,1753220532341,RUB,CUST_8f90f7a6,BT,0,827.27,CUST_c8993144,
0aedafde-0249-4bc1-9bde-36ab4a6415b2,1753220536963,EUR,CUST_4c68d1e7,US,0,2836.62,CUST_9a1f369a,
b7880641-1031-40e3-8a3f-f7373a8c06bd,1753220540047,RUB,CUST_3d35f56d,VN,0,365.6,CUST_ec5a8c01,
caa1b7d2-9aa3-459e-bbc1-cbfec46e4a78,1753220555784,RUB,CUST_78231e11,BH,0,311.37,CUST_8bbf18d8,
60d7d572-224a-4f89-8e90-4dd3d49705d1,1753220556806,EUR,CUST_a64d2e82,AE,0,107.82,CUST_663d2af7,
b2c2554a-5cea-4f5f-bf1e-d58710c6e1ed,1753220560919,USD,CUST_285474c3,AG,0,174.41,CUST_089af0ea,
989b8492-424f-4c4e-9337-fc776d5d9606,1753220562149,RUB,CUST_ad1436d9,CZ,0,68.44,CUST_e960b6e7,
aac56aa0-8b6f-4954-8cd6-580a24b023bd,1753220565425,EUR,CUST_a7ff4815,VU,0,953.62,CUST_b384f228,
f79efccb-5bc6-4ebf-91ee-3acbd2d9edc4,1753220566714,USD,CUST_054310b6,BR,0,31.63,CUST_4bf86dc5,
4fb21b34-013e-40e6-a1be-be77510fb467,1753220570423,EUR,CUST_27758ef5,CV,0,187.16,CUST_88c82daf,
edeb66ec-f38a-4b0c-bfa2-ccdfde922fbe,1753220571892,EUR,CUST_d95f6db2,GB,0,47.48,CUST_a697e89e,
d380af2e-5c24-4f91-be2b-709cde92024f,1753220573713,EUR,CUST_28c34750,PA,0,164.6,CUST_c3ecadb8,
e89f410a-95df-4c0f-8a85-ce200ac1fcd1,1753220577533,EUR,CUST_3a04745a,SE,0,1453.26,CUST_10e7f599,
997aa707-60c9-46c4-a2a7-4f1ae809a822,1753220579850,EUR,CUST_0d3df25c,AE,0,82.33,CUST_640b9bc1,
02a27524-577f-432f-9a36-a979c01398bf,1753220582685,EUR,CUST_c7edbfe3,TR,0,91.54,CUST_5dfbe2af,
3246ba66-9ee4-46e3-941a-07c29b305888,1753220587236,EUR,CUST_11f45886,ZW,0,769.31,CUST_8e444869,
b712a988-05d2-402f-ad14-2e81c661bcb5,1753220592948,USD,CUST_5a1211b7,BN,0,820.78,CUST_877628e2,
c58c9887-3174-4bf2-b78d-0d2ff73ff05d,1753220595421,RUB,CUST_cbd962db,MG,0,28.76,CUST_85e736ca,
e244ac53-14db-4e61-a343-eac20b1a399a,1753220608707,EUR,CUST_8c613b6d,GT,0,434.74,CUST_a7ffdfdf,
2222a79b-a2b6-46ad-aa80-ebc12bc449c0,1753220610046,EUR,CUST_2d69fefb,BJ,0,52.85,CUST_f75166a0,
ad8f6b38-8f52-4765-936d-09361f5e9412,1753220613297,RUB,CUST_6aabe259,AU,0,392.1,CUST_e066bf51,
b5db5bc6-92d9-4b04-9804-ef8f4746c7a8,1753220615892,USD,CUST_194efbd2,VC,0,715.95,CUST_2dc6bb0d,
24353e3a-42f6-4dd1-bcfc-f397fb598bab,1753220617534,USD,CUST_37db0143,GB,0,1237.54,CUST_4fbf4479,
1116257f-945d-4f78-8d1f-8aacf26ff9aa,1753220621465,USD,CUST_e29ebbdf,NG,0,48.07,CUST_067a7ccd,
3189c086-607b-47a2-8c7d-b9982cea541f,1753220624038,USD,CUST_79cdd902,SV,0,59.21,CUST_4473af09,
06f9b99c-a280-4698-9c88-825c73e418e0,1753220624631,USD,CUST_10ffa2e2,CM,0,155.03,CUST_e5516b6d,
2dc4a753-489d-4f3d-9593-d615c6532cca,1753220626142,USD,CUST_12561086,AG,0,2060.97,CUST_cee5ed7e,
57d445d8-bda5-4302-93a4-2d2ddbd66974,1753220627834,USD,CUST_0b7079c5,TH,0,462.3,CUST_b45dc062,
d9ccaec8-c6c2-415f-8ea8-6ed4aeb925cd,1753220631287,USD,CUST_aa33315c,IT,0,486.41,CUST_e1e29109,
b05610e8-ab30-4063-81f7-e18dee3cd115,1753220632809,RUB,CUST_c7b1a286,LT,0,244.4,CUST_f8712e9b,
1cf2038e-760b-4413-b6de-6a9eeabf3d15,1753220639036,USD,CUST_5659a73b,CH,0,1337.86,CUST_01dbf0a9,
88e57346-858d-4c14-bbdc-e0617faac531,1753220660175,USD,CUST_8c9f884a,BI,0,146.23,CUST_c705d2cf,
3eaa42a5-e7ca-4265-8cf8-540142d452ad,1753220662462,RUB,CUST_42400221,SL,0,329.48,CUST_90403ea9,
0e862bee-03cb-4824-80c6-4b08d7a08573,1753220665025,USD,CUST_c06ea730,NR,0,59.22,CUST_ff6d44f3,
4b5c0c4e-1e2e-4077-9fa2-a19cc3bd7398,1753220665763,RUB,CUST_105bad93,TH,0,131.7,CUST_dfd81e3f,
c95b8c2a-c545-4595-83a1-2c0cae05ee55,1753220670520,USD,CUST_d02873d7,GW,1,305.84,SUSP_FOREIGN_0a9f3,foreign
63aa8284-b232-449e-8ddb-be989c60a190,1753220671919,EUR,CUST_451acba8,TN,0,198.51,CUST_5139a83b,
d05f333b-4c2b-4c4f-90d2-06c06d431ff6,1753220676896,USD,CUST_e933507b,AL,0,356.56,CUST_21c71c9f,
2f7dd3be-90bd-4c1f-bf00-bd5945dbfed4,1753220678206,EUR,CUST_1fa1bdd0,IQ,0,142.52,CUST_585b9d48,
eaf7c860-715e-4411-9157-cd1e25cc31d3,1753220681467,EUR,CUST_8937b55b,TR,0,31.09,CUST_a88417d6,
203615cb-78db-4349-898d-7e187b5e8213,1753220684948,USD,CUST_93810660,SR,0,33.67,CUST_83196624,
a4e5289c-5a4d-4d3b-8cbd-abf0d494fad7,1753220686063,USD,CUST_2ddd89ec,GD,0,236.46,CUST_d4ce059b,
eede2857-cd06-46ef-82f1-652f88618962,1753220686638,USD,CUST_7b98f4aa,SB,0,817.81,CUST_f799e622,
ede2c654-12fb-4bba-9485-7083b132718c,1753220687903,EUR,CUST_9f8618e0,LA,0,525.51,CUST_f3d4ed3c,
7c8ae605-0746-4ab1-934f-cef13211d0da,1753220689275,EUR,CUST_e9c80eed,AO,0,140.66,CUST_5d37ed37,
e74db6d6-d6d1-46f1-9579-32b9d76b5384,1753220690892,EUR,CUST_fffa2599,TN,0,11.62,CUST_c4ff406f,
3af8b8ed-8b9c-4af0-b6e0-9ccb0fa4ec87,1753220702000,EUR,CUST_2ea577ef,TZ,0,833.79,CUST_4eb22e72,
a7ab274d-9da7-4720-850d-4ace487ae8d6,1753220704493,EUR,CUST_812aac79,VN,0,588.84,CUST_ab80cc36,
52cd8adc-590c-45cc-be86-61f3cd50d7c3,1753220709500,RUB,CUST_f8cc8c3c,EG,0,44.32,CUST_9b88565d,
d08da53e-9d20-4db6-9c63-e4b98c04d872,1753220716149,RUB,CUST_3a17c961,AD,0,60.35,CUST_09756e37,
0610f9eb-72ab-4cfb-8dd1-aac1cb71b06e,1753220718919,RUB,CUST_5ed27521,HU,0,370.13,CUST_52520664,
a505e644-9427-474a-97f4-a1d18e0c0d76,1753220721513,EUR,CUST_83b77126,DK,0,381.13,CUST_8848a9b4,
2689c368-747c-400c-81f4-2a0c61b8bf4d,1753220723888,RUB,CUST_b2372476,SV,0,403.37,CUST_4ba1be05,
d91fe5ee-a1c5-4a8c-9dd7-c54e9170bc5b,1753220724769,USD,CUST_18321a5e,LB,0,231.97,CUST_d0ca5fc6,
3d9cf50e-3039-40f7-9a72-bfc51f6b467e,1753220726548,RUB,CUST_46f9fc84,LI,0,45.78,CUST_c5be9cc8,
5a8a6bc3-5e06-41dc-aced-ef56942e8433,1753220732519,EUR,CUST_9140cf21,KE,0,43.4,CUST_312baca8,
f1da8e29-fd49-4d72-951e-685e6c1b1b88,1753220738045,USD,CUST_2bd59ecc,AU,0,6.63,CUST_671af7a4,
aa0d622e-bb49-4163-bb7b-90fe8e902d4b,1753220738776,RUB,CUST_1b2c2b6d,QA,0,39.22,CUST_b9917862,
b61eaf9a-1d7d-4b84-92e6-dccf80b73f5b,1753220742664,EUR,CUST_0194c005,NZ,0,992.98,CUST_7a4d2848,
dda3caac-5939-42c0-bc91-33513a5ff895,1753220746495,USD,CUST_1a2b6cf3,BN,0,393.47,CUST_99be13b2,
d2ed013c-3fde-4137-88eb-620ce7977951,1753220748645,EUR,CUST_fcb80b0c,AM,0,14.85,CUST_763013ed,
de9be7e6-cd09-4acd-8696-f06fe7f958b7,1753220751547,EUR,CUST_e8d33701,PA,0,2136.77,CUST_bd21009b,
77e476d9-35de-4ecd-a9b0-db9d59833e21,1753220754510,EUR,CUST_d3935985,VN,0,83.25,CUST_adfe03d3,
a083f21b-6fac-4e04-a7b7-17f6c3289c57,1753220757556,USD,CUST_615321d7,FR,0,81.29,CUST_a430257f,
4b56eb4c-2299-4f15-9065-7bb00a371f78,1753220765316,RUB,CUST_d617db5b,FI,0,64.59,CUST_76c7f9be,
22174331-c7ce-4145-b1b0-5b01db25eefc,1753220765973,EUR,CUST_744034c2,LI,0,256.78,CUST_04083583,
1268085e-8e86-4070-9074-c8c5b5116039,1753220769428,RUB,CUST_437f34cf,BF,0,159.73,CUST_f5f52337,
7cc1bdc7-3a16-4917-a710-97e3f5dfd8f0,1753220770424,EUR,CUST_be0732dc,AM,0,119.51,CUST_978b15bd,
dc956e7e-bbfc-4fc6-9c7a-5ed0132bb0e5,1753220772425,USD,CUST_381689fd,KI,0,187.2,CUST_0b2530c8,
624f5bdf-0a8c-402f-977a-509149738e76,1753220773960,EUR,CUST_5197e1b8,MU,0,1614.77,CUST_4eda2265,
4a457de8-9b34-4199-ae62-1d6c3046409d,1753220780736,EUR,CUST_54f0e074,TL,0,11.72,CUST_cdef4046,
e49ec3ed-df7c-4e27-9c4a-ba412def41b6,1753220782095,USD,CUST_dd649e6f,BT,0,43.82,CUST_3c29e887,
1661fe10-0166-45cd-be81-51b9ade865ef,1753220786895,RUB,CUST_2cd769c7,MK,0,1840.39,CUST_d1b759cd,
0c1793ef-5448-4004-9f3a-ffac5ed2e3ee,1753220788080,EUR,CUST_5a06e802,ME,0,752.27,CUST_ac8514bd,
36eeffed-5e68-4c2f-b327-10a08415fa3e,1753220788725,RUB,CUST_225832c0,IT,0,4638.87,CUST_720af8d4,
cacdcbce-d461-40db-8409-10335c8f9e3e,1753220790574,RUB,CUST_f0d6cadc,SR,0,11.81,CUST_0d80fd23,
51e84e07-0bd4-4465-acbd-b5f199fb95cd,1753220792294,EUR,CUST_9bc79841,IS,0,88.3,CUST_f09a50ac,
86e7f40b-c89b-473f-89b3-b85ddfd55683,1753220799959,EUR,CUST_d03e16f8,KE,0,137.54,CUST_382f92dc,
9c66627c-2838-453b-8e51-628ef4f447b6,1753220802475,RUB,CUST_7a948bcc,LU,0,109.91,CUST_2cdde789,
749c04e4-d94f-4ae4-a446-270bc9b7dbe1,1753220806159,EUR,CUST_3a426a60,FR,0,29.23,CUST_58a7698c,
e80240af-33a3-481e-bce0-38adda3b7b9e,1753220811253,EUR,CUST_1920a9b8,FI,0,15.49,CUST_ea3e2640,
ecc58914-9f3f-4191-878f-0977c482af18,1753220813943,RUB,CUST_bab674ec,SO,0,14.69,CUST_e61bf272,
b1f89750-c426-4607-85f1-d1dc804c8214,1753220818355,RUB,CUST_c1269a8b,CR,0,6518.64,CUST_d33c6aec,
f15eecbc-69ae-4d28-8178-e28942f1808e,1753220819346,RUB,CUST_ab99b565,ML,0,25.25,CUST_bfcf8571,
bfe7c9a2-2d91-4f28-9820-5678f79bb7ff,1753220820464,EUR,CUST_4e29cdd7,KE,0,30.6,CUST_badf615b,
